,Genome,Species , Rank, Hits, Exp, X,10 mer Sequence,,,
X,GCF_000283535.1_ASM28353v1_genomic.fna,Pseudogulbenkiania sp. NH8B,1,1153,9.8,117.7,GTTGGCCGAA,,,
,GCF_000283535.1_ASM28353v1_genomic.fna,Pseudogulbenkiania sp. NH8B,2,1153,9.8,117.7,TTCGGCCAAC,,,
,GCF_000283535.1_ASM28353v1_genomic.fna,Pseudogulbenkiania sp. NH8B,3,855,9.8,87.2,CTTCGGCCAA,,,
,GCF_000283535.1_ASM28353v1_genomic.fna,Pseudogulbenkiania sp. NH8B,4,855,9.8,87.2,TTGGCCGAAG,,,
,GCF_000283535.1_ASM28353v1_genomic.fna,Pseudogulbenkiania sp. NH8B,5,38,0.6,63.3,AAAACAAAAA,,,
,GCF_000283535.1_ASM28353v1_genomic.fna,Pseudogulbenkiania sp. NH8B,6,38,0.6,63.3,TTTTTGTTTT,,,
,GCF_000283535.1_ASM28353v1_genomic.fna,Pseudogulbenkiania sp. NH8B,7,17,0.3,56.7,AAATAAAAAA,,,
,GCF_000283535.1_ASM28353v1_genomic.fna,Pseudogulbenkiania sp. NH8B,8,17,0.3,56.7,TTTTTTATTT,,,
,GCF_000283535.1_ASM28353v1_genomic.fna,Pseudogulbenkiania sp. NH8B,9,16,0.3,53.3,AATAAAAAAA,,,
,GCF_000283535.1_ASM28353v1_genomic.fna,Pseudogulbenkiania sp. NH8B,10,16,0.3,53.3,TTTTTTTATT,,,
,GCF_000283535.1_ASM28353v1_genomic.fna,Pseudogulbenkiania sp. NH8B,11,31,0.6,51.7,AAAAACAAAA,,,
,GCF_000283535.1_ASM28353v1_genomic.fna,Pseudogulbenkiania sp. NH8B,12,31,0.6,51.7,TTTTGTTTTT,,,
,GCF_000283535.1_ASM28353v1_genomic.fna,Pseudogulbenkiania sp. NH8B,13,705,17.4,40.5,GGTTGGCCGA,,,
,GCF_000283535.1_ASM28353v1_genomic.fna,Pseudogulbenkiania sp. NH8B,14,705,17.4,40.5,TCGGCCAACC,,,
,GCF_000283535.1_ASM28353v1_genomic.fna,Pseudogulbenkiania sp. NH8B,15,12,0.3,40,AAAAATAAAA,,,
,GCF_000283535.1_ASM28353v1_genomic.fna,Pseudogulbenkiania sp. NH8B,16,24,0.6,40,ATAAAAAAAC,,,
,GCF_000283535.1_ASM28353v1_genomic.fna,Pseudogulbenkiania sp. NH8B,17,40,1,40,CATGAAAAAA,,,
,GCF_000283535.1_ASM28353v1_genomic.fna,Pseudogulbenkiania sp. NH8B,18,24,0.6,40,GTTTTTTTAT,,,
,GCF_000283535.1_ASM28353v1_genomic.fna,Pseudogulbenkiania sp. NH8B,19,12,0.3,40,TTTTATTTTT,,,
,GCF_000283535.1_ASM28353v1_genomic.fna,Pseudogulbenkiania sp. NH8B,20,40,1,40,TTTTTTCATG,,,
X,GCF_001418035.1_ASM141803v1_genomic.fna,Gulbenkiania indica strain DSM 17901,1,1256,6.4,196.2,GTTGGCCGAA,,,
,GCF_001418035.1_ASM141803v1_genomic.fna,Gulbenkiania indica strain DSM 17902,2,1256,6.4,196.2,TTCGGCCAAC,,,
,GCF_001418035.1_ASM141803v1_genomic.fna,Gulbenkiania indica strain DSM 17903,3,942,6.4,147.2,CTTCGGCCAA,,,
,GCF_001418035.1_ASM141803v1_genomic.fna,Gulbenkiania indica strain DSM 17904,4,942,6.4,147.2,TTGGCCGAAG,,,
,GCF_001418035.1_ASM141803v1_genomic.fna,Gulbenkiania indica strain DSM 17905,5,403,3.6,111.9,TTGGCCGAAA,,,
,GCF_001418035.1_ASM141803v1_genomic.fna,Gulbenkiania indica strain DSM 17906,6,403,3.6,111.9,TTTCGGCCAA,,,
,GCF_001418035.1_ASM141803v1_genomic.fna,Gulbenkiania indica strain DSM 17907,7,983,11.4,86.2,GGTTGGCCGA,,,
,GCF_001418035.1_ASM141803v1_genomic.fna,Gulbenkiania indica strain DSM 17908,8,983,11.4,86.2,TCGGCCAACC,,,
,GCF_001418035.1_ASM141803v1_genomic.fna,Gulbenkiania indica strain DSM 17909,9,31,0.6,51.7,CATGAAAAAA,,,
,GCF_001418035.1_ASM141803v1_genomic.fna,Gulbenkiania indica strain DSM 17910,10,31,0.6,51.7,TTTTTTCATG,,,
,GCF_001418035.1_ASM141803v1_genomic.fna,Gulbenkiania indica strain DSM 17911,11,555,11.4,48.7,GCTTCGGCCA,,,
,GCF_001418035.1_ASM141803v1_genomic.fna,Gulbenkiania indica strain DSM 17912,12,555,11.4,48.7,TGGCCGAAGC,,,
,GCF_001418035.1_ASM141803v1_genomic.fna,Gulbenkiania indica strain DSM 17913,13,287,6.4,44.8,AAGGTTGGCC,,,
,GCF_001418035.1_ASM141803v1_genomic.fna,Gulbenkiania indica strain DSM 17914,14,287,6.4,44.8,GGCCAACCTT,,,
,GCF_001418035.1_ASM141803v1_genomic.fna,Gulbenkiania indica strain DSM 17915,15,497,11.4,43.6,AGGTTGGCCG,,,
,GCF_001418035.1_ASM141803v1_genomic.fna,Gulbenkiania indica strain DSM 17916,16,497,11.4,43.6,CGGCCAACCT,,,
,GCF_001418035.1_ASM141803v1_genomic.fna,Gulbenkiania indica strain DSM 17917,17,278,6.4,43.4,CTTGGCCGAA,,,
,GCF_001418035.1_ASM141803v1_genomic.fna,Gulbenkiania indica strain DSM 17918,18,278,6.4,43.4,TTCGGCCAAG,,,
,GCF_001418035.1_ASM141803v1_genomic.fna,Gulbenkiania indica strain DSM 17919,19,233,6.4,36.4,TCTTCGGCCA,,,
,GCF_001418035.1_ASM141803v1_genomic.fna,Gulbenkiania indica strain DSM 17920,20,233,6.4,36.4,TGGCCGAAGA,,,
,GCF_001855275.1_ASM185527v1_genomic.fna,Chromobacterium vaccinii,1,42,0.6,70,AAATGAAAAA,,,
,GCF_001855275.1_ASM185527v1_genomic.fna,Chromobacterium vaccinii,2,42,0.6,70,TTTTTCATTT,,,
,GCF_001855275.1_ASM185527v1_genomic.fna,Chromobacterium vaccinii,3,40,0.6,66.7,AATGAAAAAA,,,
,GCF_001855275.1_ASM185527v1_genomic.fna,Chromobacterium vaccinii,4,40,0.6,66.7,TTTTTTCATT,,,
,GCF_001855275.1_ASM185527v1_genomic.fna,Chromobacterium vaccinii,5,25,0.4,62.5,AAATAAAAAA,,,
,GCF_001855275.1_ASM185527v1_genomic.fna,Chromobacterium vaccinii,6,25,0.4,62.5,TTTTTTATTT,,,
,GCF_001855275.1_ASM185527v1_genomic.fna,Chromobacterium vaccinii,7,24,0.4,60,AAAATAAAAA,,,
,GCF_001855275.1_ASM185527v1_genomic.fna,Chromobacterium vaccinii,8,24,0.4,60,TTTTTATTTT,,,
,GCF_001855275.1_ASM185527v1_genomic.fna,Chromobacterium vaccinii,9,35,0.6,58.3,CAATAAAAAA,,,
,GCF_001855275.1_ASM185527v1_genomic.fna,Chromobacterium vaccinii,10,35,0.6,58.3,TTTTTTATTG,,,
,GCF_001855275.1_ASM185527v1_genomic.fna,Chromobacterium vaccinii,11,32,0.6,53.3,AAAATGAAAA,,,
,GCF_001855275.1_ASM185527v1_genomic.fna,Chromobacterium vaccinii,12,32,0.6,53.3,TTTTCATTTT,,,
,GCF_001855275.1_ASM185527v1_genomic.fna,Chromobacterium vaccinii,13,21,0.4,52.5,AATAAAAAAA,,,
,GCF_001855275.1_ASM185527v1_genomic.fna,Chromobacterium vaccinii,14,21,0.4,52.5,TTTTTTTATT,,,
,GCF_001855275.1_ASM185527v1_genomic.fna,Chromobacterium vaccinii,15,57,1.1,51.8,CATGAAAAAA,,,
,GCF_001855275.1_ASM185527v1_genomic.fna,Chromobacterium vaccinii,16,57,1.1,51.8,TTTTTTCATG,,,
,GCF_001855275.1_ASM185527v1_genomic.fna,Chromobacterium vaccinii,17,31,0.6,51.7,ATAAAAAAAC,,,
,GCF_001855275.1_ASM185527v1_genomic.fna,Chromobacterium vaccinii,18,31,0.6,51.7,GTTTTTTTAT,,,
,GCF_001855275.1_ASM185527v1_genomic.fna,Chromobacterium vaccinii,19,29,0.6,48.3,AATAAAAAAC,,,
,GCF_001855275.1_ASM185527v1_genomic.fna,Chromobacterium vaccinii,20,29,0.6,48.3,GTTTTTTATT,,,
,GCF_002217795.2_ASM221779v2_genomic.fna,Aquitalea magnusonii,1,90,2.2,40.9,CATGAAAAAA,,,
,GCF_002217795.2_ASM221779v2_genomic.fna,Aquitalea magnusonii,2,90,2.2,40.9,TTTTTTCATG,,,
,GCF_002217795.2_ASM221779v2_genomic.fna,Aquitalea magnusonii,3,61,1.5,40.7,AAATGAAAAA,,,
,GCF_002217795.2_ASM221779v2_genomic.fna,Aquitalea magnusonii,4,61,1.5,40.7,TTTTTCATTT,,,
,GCF_002217795.2_ASM221779v2_genomic.fna,Aquitalea magnusonii,5,37,1,37,AATAAAAAAA,,,
,GCF_002217795.2_ASM221779v2_genomic.fna,Aquitalea magnusonii,6,37,1,37,TTTTTTTATT,,,
,GCF_002217795.2_ASM221779v2_genomic.fna,Aquitalea magnusonii,7,393,11.3,34.8,CAGCAACTGG,,,
,GCF_002217795.2_ASM221779v2_genomic.fna,Aquitalea magnusonii,8,393,11.3,34.8,CCAGTTGCTG,,,
,GCF_002217795.2_ASM221779v2_genomic.fna,Aquitalea magnusonii,9,170,5,34,TGCTGGAAAA,,,
,GCF_002217795.2_ASM221779v2_genomic.fna,Aquitalea magnusonii,10,170,5,34,TTTTCCAGCA,,,
,GCF_002217795.2_ASM221779v2_genomic.fna,Aquitalea magnusonii,11,50,1.5,33.3,AATGAAAAAA,,,
,GCF_002217795.2_ASM221779v2_genomic.fna,Aquitalea magnusonii,12,50,1.5,33.3,TTTTTTCATT,,,
,GCF_002217795.2_ASM221779v2_genomic.fna,Aquitalea magnusonii,13,48,1.5,32,CAATAAAAAA,,,
,GCF_002217795.2_ASM221779v2_genomic.fna,Aquitalea magnusonii,14,48,1.5,32,TTTTTTATTG,,,
,GCF_002217795.2_ASM221779v2_genomic.fna,Aquitalea magnusonii,15,519,17,30.5,CCAGCAGCAG,,,
,GCF_002217795.2_ASM221779v2_genomic.fna,Aquitalea magnusonii,16,519,17,30.5,CTGCTGCTGG,,,
,GCF_002217795.2_ASM221779v2_genomic.fna,Aquitalea magnusonii,17,64,2.2,29.1,ATGAAAAAAG,,,
,GCF_002217795.2_ASM221779v2_genomic.fna,Aquitalea magnusonii,18,64,2.2,29.1,CTTTTTTCAT,,,
,GCF_002217795.2_ASM221779v2_genomic.fna,Aquitalea magnusonii,19,493,17,29,CAGCAGCAGG,,,
,GCF_002217795.2_ASM221779v2_genomic.fna,Aquitalea magnusonii,20,493,17,29,CCTGCTGCTG,,,
,GCF_002735945.1_ASM273594v1_genomic.fna,Chromobacterium violaceum,1,28,0.3,93.3,AAATGAAAAA,,,
,GCF_002735945.1_ASM273594v1_genomic.fna,Chromobacterium violaceum,2,28,0.3,93.3,TTTTTCATTT,,,
,GCF_002735945.1_ASM273594v1_genomic.fna,Chromobacterium violaceum,3,18,0.2,90,AAATAAAAAA,,,
,GCF_002735945.1_ASM273594v1_genomic.fna,Chromobacterium violaceum,4,27,0.3,90,AATGAAAAAA,,,
,GCF_002735945.1_ASM273594v1_genomic.fna,Chromobacterium violaceum,5,18,0.2,90,TTTTTTATTT,,,
,GCF_002735945.1_ASM273594v1_genomic.fna,Chromobacterium violaceum,6,27,0.3,90,TTTTTTCATT,,,
,GCF_002735945.1_ASM273594v1_genomic.fna,Chromobacterium violaceum,7,56,0.7,80,CATGAAAAAA,,,
,GCF_002735945.1_ASM273594v1_genomic.fna,Chromobacterium violaceum,8,56,0.7,80,TTTTTTCATG,,,
,GCF_002735945.1_ASM273594v1_genomic.fna,Chromobacterium violaceum,9,50,0.7,71.4,ATGAAAAAAG,,,
,GCF_002735945.1_ASM273594v1_genomic.fna,Chromobacterium violaceum,10,50,0.7,71.4,CTTTTTTCAT,,,
,GCF_002735945.1_ASM273594v1_genomic.fna,Chromobacterium violaceum,11,21,0.3,70,AAAAACAAAA,,,
,GCF_002735945.1_ASM273594v1_genomic.fna,Chromobacterium violaceum,12,14,0.2,70,AAAAATAAAA,,,
,GCF_002735945.1_ASM273594v1_genomic.fna,Chromobacterium violaceum,13,14,0.2,70,AATAAAAAAA,,,
,GCF_002735945.1_ASM273594v1_genomic.fna,Chromobacterium violaceum,14,14,0.2,70,TTTTATTTTT,,,
,GCF_002735945.1_ASM273594v1_genomic.fna,Chromobacterium violaceum,15,21,0.3,70,TTTTGTTTTT,,,
,GCF_002735945.1_ASM273594v1_genomic.fna,Chromobacterium violaceum,16,14,0.2,70,TTTTTTTATT,,,
,GCF_002735945.1_ASM273594v1_genomic.fna,Chromobacterium violaceum,17,20,0.3,66.7,ATAAAAAAAC,,,
,GCF_002735945.1_ASM273594v1_genomic.fna,Chromobacterium violaceum,18,20,0.3,66.7,GTTTTTTTAT,,,
,GCF_002735945.1_ASM273594v1_genomic.fna,Chromobacterium violaceum,19,13,0.2,65,AAAATAAAAA,,,
,GCF_002735945.1_ASM273594v1_genomic.fna,Chromobacterium violaceum,20,13,0.2,65,TTTTTATTTT,,,
,GCF_002848345.1_ASM284834v1_genomic.fna,Chromobacterium sp. ATCC 53434,1,68,0.4,170,ATGAAAAAAT,,,
,GCF_002848345.1_ASM284834v1_genomic.fna,Chromobacterium sp. ATCC 53435,2,68,0.4,170,ATTTTTTCAT,,,
,GCF_002848345.1_ASM284834v1_genomic.fna,Chromobacterium sp. ATCC 53436,3,28,0.2,140,AAATAAAAAA,,,
,GCF_002848345.1_ASM284834v1_genomic.fna,Chromobacterium sp. ATCC 53437,4,28,0.2,140,AATAAAAAAA,,,
,GCF_002848345.1_ASM284834v1_genomic.fna,Chromobacterium sp. ATCC 53438,5,28,0.2,140,TTTTTTATTT,,,
,GCF_002848345.1_ASM284834v1_genomic.fna,Chromobacterium sp. ATCC 53439,6,28,0.2,140,TTTTTTTATT,,,
,GCF_002848345.1_ASM284834v1_genomic.fna,Chromobacterium sp. ATCC 53440,7,99,0.8,123.8,CATGAAAAAA,,,
,GCF_002848345.1_ASM284834v1_genomic.fna,Chromobacterium sp. ATCC 53441,8,99,0.8,123.8,TTTTTTCATG,,,
,GCF_002848345.1_ASM284834v1_genomic.fna,Chromobacterium sp. ATCC 53442,9,22,0.2,110,AAAATAAAAA,,,
,GCF_002848345.1_ASM284834v1_genomic.fna,Chromobacterium sp. ATCC 53443,10,22,0.2,110,TTTTTATTTT,,,
,GCF_002848345.1_ASM284834v1_genomic.fna,Chromobacterium sp. ATCC 53444,11,66,0.8,82.5,GATTTTTTCA,,,
,GCF_002848345.1_ASM284834v1_genomic.fna,Chromobacterium sp. ATCC 53445,12,66,0.8,82.5,TGAAAAAATC,,,
,GCF_002848345.1_ASM284834v1_genomic.fna,Chromobacterium sp. ATCC 53446,13,61,0.8,76.2,ATTTTTTCCA,,,
,GCF_002848345.1_ASM284834v1_genomic.fna,Chromobacterium sp. ATCC 53447,14,61,0.8,76.2,TGGAAAAAAT,,,
,GCF_002848345.1_ASM284834v1_genomic.fna,Chromobacterium sp. ATCC 53448,15,30,0.4,75,AAATGAAAAA,,,
,GCF_002848345.1_ASM284834v1_genomic.fna,Chromobacterium sp. ATCC 53449,16,30,0.4,75,TTTTTCATTT,,,
,GCF_002848345.1_ASM284834v1_genomic.fna,Chromobacterium sp. ATCC 53450,17,59,0.8,73.8,AAAAAATCGA,,,
,GCF_002848345.1_ASM284834v1_genomic.fna,Chromobacterium sp. ATCC 53451,18,59,0.8,73.8,TCGATTTTTT,,,
,GCF_002848345.1_ASM284834v1_genomic.fna,Chromobacterium sp. ATCC 53452,19,28,0.4,70,AATGAAAAAA,,,
,GCF_002848345.1_ASM284834v1_genomic.fna,Chromobacterium sp. ATCC 53453,20,14,0.2,70,ATAAAAAAAA,,,
,GCF_002952135.1_ASM295213v1_genomic.fna,Chromobacterium vaccinii,1,40,0.6,66.7,AATGAAAAAA,,,
,GCF_002952135.1_ASM295213v1_genomic.fna,Chromobacterium vaccinii,2,40,0.6,66.7,TTTTTTCATT,,,
,GCF_002952135.1_ASM295213v1_genomic.fna,Chromobacterium vaccinii,3,26,0.4,65,AAATAAAAAA,,,
,GCF_002952135.1_ASM295213v1_genomic.fna,Chromobacterium vaccinii,4,26,0.4,65,TTTTTTATTT,,,
,GCF_002952135.1_ASM295213v1_genomic.fna,Chromobacterium vaccinii,5,38,0.6,63.3,AAATGAAAAA,,,
,GCF_002952135.1_ASM295213v1_genomic.fna,Chromobacterium vaccinii,6,38,0.6,63.3,TTTTTCATTT,,,
,GCF_002952135.1_ASM295213v1_genomic.fna,Chromobacterium vaccinii,7,23,0.4,57.5,AATAAAAAAA,,,
,GCF_002952135.1_ASM295213v1_genomic.fna,Chromobacterium vaccinii,8,23,0.4,57.5,TTTTTTTATT,,,
,GCF_002952135.1_ASM295213v1_genomic.fna,Chromobacterium vaccinii,9,21,0.4,52.5,AAAAATAAAA,,,
,GCF_002952135.1_ASM295213v1_genomic.fna,Chromobacterium vaccinii,10,21,0.4,52.5,TTTTATTTTT,,,
,GCF_002952135.1_ASM295213v1_genomic.fna,Chromobacterium vaccinii,11,54,1.1,49.1,CATGAAAAAA,,,
,GCF_002952135.1_ASM295213v1_genomic.fna,Chromobacterium vaccinii,12,54,1.1,49.1,TTTTTTCATG,,,
,GCF_002952135.1_ASM295213v1_genomic.fna,Chromobacterium vaccinii,13,19,0.4,47.5,AAAAAATAAA,,,
,GCF_002952135.1_ASM295213v1_genomic.fna,Chromobacterium vaccinii,14,19,0.4,47.5,AAAATAAAAA,,,
,GCF_002952135.1_ASM295213v1_genomic.fna,Chromobacterium vaccinii,15,19,0.4,47.5,TTTATTTTTT,,,
,GCF_002952135.1_ASM295213v1_genomic.fna,Chromobacterium vaccinii,16,19,0.4,47.5,TTTTTATTTT,,,
,GCF_002952135.1_ASM295213v1_genomic.fna,Chromobacterium vaccinii,17,52,1.1,47.3,ATGAAAAAAG,,,
,GCF_002952135.1_ASM295213v1_genomic.fna,Chromobacterium vaccinii,18,52,1.1,47.3,CTTTTTTCAT,,,
,GCF_002952135.1_ASM295213v1_genomic.fna,Chromobacterium vaccinii,19,26,0.6,43.3,AAAATGAAAA,,,
,GCF_002952135.1_ASM295213v1_genomic.fna,Chromobacterium vaccinii,20,26,0.6,43.3,AAACAAAAAA,,,
,GCF_003325475.1_ASM332547v1_genomic.fna,Chromobacterium phragmitis,1,25,0.3,83.3,AAATAAAAAA,,,
,GCF_003325475.1_ASM332547v1_genomic.fna,Chromobacterium phragmitis,2,25,0.3,83.3,TTTTTTATTT,,,
,GCF_003325475.1_ASM332547v1_genomic.fna,Chromobacterium phragmitis,3,21,0.3,70,AAAATAAAAA,,,
,GCF_003325475.1_ASM332547v1_genomic.fna,Chromobacterium phragmitis,4,21,0.3,70,TTTTTATTTT,,,
,GCF_003325475.1_ASM332547v1_genomic.fna,Chromobacterium phragmitis,5,17,0.3,56.7,AAAAATAAAA,,,
,GCF_003325475.1_ASM332547v1_genomic.fna,Chromobacterium phragmitis,6,17,0.3,56.7,TTTTATTTTT,,,
,GCF_003325475.1_ASM332547v1_genomic.fna,Chromobacterium phragmitis,7,60,1.1,54.5,CATGAAAAAA,,,
,GCF_003325475.1_ASM332547v1_genomic.fna,Chromobacterium phragmitis,8,60,1.1,54.5,TTTTTTCATG,,,
,GCF_003325475.1_ASM332547v1_genomic.fna,Chromobacterium phragmitis,9,31,0.6,51.7,AAATGAAAAA,,,
,GCF_003325475.1_ASM332547v1_genomic.fna,Chromobacterium phragmitis,10,31,0.6,51.7,AATGAAAAAA,,,
,GCF_003325475.1_ASM332547v1_genomic.fna,Chromobacterium phragmitis,11,31,0.6,51.7,TTTTTCATTT,,,
,GCF_003325475.1_ASM332547v1_genomic.fna,Chromobacterium phragmitis,12,31,0.6,51.7,TTTTTTCATT,,,
,GCF_003325475.1_ASM332547v1_genomic.fna,Chromobacterium phragmitis,13,29,0.6,48.3,AAAACAAAAA,,,
,GCF_003325475.1_ASM332547v1_genomic.fna,Chromobacterium phragmitis,14,29,0.6,48.3,TTTTTGTTTT,,,
,GCF_003325475.1_ASM332547v1_genomic.fna,Chromobacterium phragmitis,15,14,0.3,46.7,AAAAAATAAA,,,
,GCF_003325475.1_ASM332547v1_genomic.fna,Chromobacterium phragmitis,16,14,0.3,46.7,AAAATAAAAT,,,
,GCF_003325475.1_ASM332547v1_genomic.fna,Chromobacterium phragmitis,17,14,0.3,46.7,ATTTTATTTT,,,
,GCF_003325475.1_ASM332547v1_genomic.fna,Chromobacterium phragmitis,18,14,0.3,46.7,TTTATTTTTT,,,
,GCF_003325475.1_ASM332547v1_genomic.fna,Chromobacterium phragmitis,19,49,1.1,44.5,ATGAAAAAAG,,,
,GCF_003325475.1_ASM332547v1_genomic.fna,Chromobacterium phragmitis,20,49,1.1,44.5,CTTTTTTCAT,,,
,GCF_003325495.1_ASM332549v1_genomic.fna,Chromobacterium phragmitis,1,22,0.3,73.3,AAATAAAAAA,,,
,GCF_003325495.1_ASM332549v1_genomic.fna,Chromobacterium phragmitis,2,22,0.3,73.3,TTTTTTATTT,,,
,GCF_003325495.1_ASM332549v1_genomic.fna,Chromobacterium phragmitis,3,16,0.3,53.3,AAAATAAAAA,,,
,GCF_003325495.1_ASM332549v1_genomic.fna,Chromobacterium phragmitis,4,16,0.3,53.3,AAATAAAAAT,,,
,GCF_003325495.1_ASM332549v1_genomic.fna,Chromobacterium phragmitis,5,16,0.3,53.3,ATTTTTATTT,,,
,GCF_003325495.1_ASM332549v1_genomic.fna,Chromobacterium phragmitis,6,16,0.3,53.3,TTTTTATTTT,,,
,GCF_003325495.1_ASM332549v1_genomic.fna,Chromobacterium phragmitis,7,57,1.1,51.8,CATGAAAAAA,,,
,GCF_003325495.1_ASM332549v1_genomic.fna,Chromobacterium phragmitis,8,57,1.1,51.8,TTTTTTCATG,,,
,GCF_003325495.1_ASM332549v1_genomic.fna,Chromobacterium phragmitis,9,27,0.6,45,AAATGAAAAA,,,
,GCF_003325495.1_ASM332549v1_genomic.fna,Chromobacterium phragmitis,10,27,0.6,45,AATGAAAAAA,,,
,GCF_003325495.1_ASM332549v1_genomic.fna,Chromobacterium phragmitis,11,27,0.6,45,TTTTTCATTT,,,
,GCF_003325495.1_ASM332549v1_genomic.fna,Chromobacterium phragmitis,12,27,0.6,45,TTTTTTCATT,,,
,GCF_003325495.1_ASM332549v1_genomic.fna,Chromobacterium phragmitis,13,84,1.9,44.2,GCTAACAAAA,,,
,GCF_003325495.1_ASM332549v1_genomic.fna,Chromobacterium phragmitis,14,84,1.9,44.2,TTTTGTTAGC,,,
,GCF_003325495.1_ASM332549v1_genomic.fna,Chromobacterium phragmitis,15,12,0.3,40,AAAAAATAAA,,,
,GCF_003325495.1_ASM332549v1_genomic.fna,Chromobacterium phragmitis,16,24,0.6,40,AAAACAAAAA,,,
,GCF_003325495.1_ASM332549v1_genomic.fna,Chromobacterium phragmitis,17,12,0.3,40,AAAATAAAAT,,,
,GCF_003325495.1_ASM332549v1_genomic.fna,Chromobacterium phragmitis,18,44,1.1,40,ATGAAAAAAG,,,
,GCF_003325495.1_ASM332549v1_genomic.fna,Chromobacterium phragmitis,19,12,0.3,40,ATTTTATTTT,,,
,GCF_003325495.1_ASM332549v1_genomic.fna,Chromobacterium phragmitis,20,44,1.1,40,CTTTTTTCAT,,,
,GCF_003443515.1_ASM344351v1_genomic.fna,Chromobacterium rhizoryzae,1,245,2.8,87.5,ATCGTAAACA,,,
,GCF_003443515.1_ASM344351v1_genomic.fna,Chromobacterium rhizoryzae,2,245,2.8,87.5,TGTTTACGAT,,,
,GCF_003443515.1_ASM344351v1_genomic.fna,Chromobacterium rhizoryzae,3,241,2.8,86.1,AGATCGTAAA,,,
,GCF_003443515.1_ASM344351v1_genomic.fna,Chromobacterium rhizoryzae,4,241,2.8,86.1,TTTACGATCT,,,
,GCF_003443515.1_ASM344351v1_genomic.fna,Chromobacterium rhizoryzae,5,216,2.8,77.1,AAATGCTCAT,,,
,GCF_003443515.1_ASM344351v1_genomic.fna,Chromobacterium rhizoryzae,6,216,2.8,77.1,ATGAGCATTT,,,
,GCF_003443515.1_ASM344351v1_genomic.fna,Chromobacterium rhizoryzae,7,248,4.5,55.1,GATCGTAAAC,,,
,GCF_003443515.1_ASM344351v1_genomic.fna,Chromobacterium rhizoryzae,8,248,4.5,55.1,GTTTACGATC,,,
,GCF_003443515.1_ASM344351v1_genomic.fna,Chromobacterium rhizoryzae,9,225,4.5,50,AATGCTCATG,,,
,GCF_003443515.1_ASM344351v1_genomic.fna,Chromobacterium rhizoryzae,10,225,4.5,50,CATGAGCATT,,,
,GCF_003443515.1_ASM344351v1_genomic.fna,Chromobacterium rhizoryzae,11,224,4.5,49.8,AACAGGTTCT,,,
,GCF_003443515.1_ASM344351v1_genomic.fna,Chromobacterium rhizoryzae,12,224,4.5,49.8,AGAACCTGTT,,,
,GCF_003443515.1_ASM344351v1_genomic.fna,Chromobacterium rhizoryzae,13,210,4.5,46.7,AAGGCGAAAA,,,
,GCF_003443515.1_ASM344351v1_genomic.fna,Chromobacterium rhizoryzae,14,210,4.5,46.7,TTTTCGCCTT,,,
,GCF_003443515.1_ASM344351v1_genomic.fna,Chromobacterium rhizoryzae,15,208,4.5,46.2,ACATGAGCAT,,,
,GCF_003443515.1_ASM344351v1_genomic.fna,Chromobacterium rhizoryzae,16,208,4.5,46.2,ATGCTCATGT,,,
,GCF_003443515.1_ASM344351v1_genomic.fna,Chromobacterium rhizoryzae,17,128,2.8,45.7,AACCTGTTTA,,,
,GCF_003443515.1_ASM344351v1_genomic.fna,Chromobacterium rhizoryzae,18,128,2.8,45.7,TAAACAGGTT,,,
,GCF_003443515.1_ASM344351v1_genomic.fna,Chromobacterium rhizoryzae,19,199,4.5,44.2,TACATGAGCA,,,
,GCF_003443515.1_ASM344351v1_genomic.fna,Chromobacterium rhizoryzae,20,199,4.5,44.2,TGCTCATGTA,,,
X,GCF_003633895.1_ASM363389v1_genomic.fna,Vogesella idnigofera DSM 3033,1,2057,14.5,141.9,GTTGGCCGCA,,,
,GCF_003633895.1_ASM363389v1_genomic.fna,Vogesella idnigofera DSM 3034,2,2057,14.5,141.9,TGCGGCCAAC,,,
,GCF_003633895.1_ASM363389v1_genomic.fna,Vogesella idnigofera DSM 3035,3,1068,8.2,130.2,AAGGTTGGCC,,,
,GCF_003633895.1_ASM363389v1_genomic.fna,Vogesella idnigofera DSM 3036,4,1068,8.2,130.2,GGCCAACCTT,,,
,GCF_003633895.1_ASM363389v1_genomic.fna,Vogesella idnigofera DSM 3037,5,969,8.2,118.2,TTGCGGCCAA,,,
,GCF_003633895.1_ASM363389v1_genomic.fna,Vogesella idnigofera DSM 3038,6,969,8.2,118.2,TTGGCCGCAA,,,
,GCF_003633895.1_ASM363389v1_genomic.fna,Vogesella idnigofera DSM 3039,7,80,0.8,100,CATGAAAAAA,,,
,GCF_003633895.1_ASM363389v1_genomic.fna,Vogesella idnigofera DSM 3040,8,80,0.8,100,TTTTTTCATG,,,
,GCF_003633895.1_ASM363389v1_genomic.fna,Vogesella idnigofera DSM 3041,9,736,8.2,89.8,CAAGGTTGGC,,,
,GCF_003633895.1_ASM363389v1_genomic.fna,Vogesella idnigofera DSM 3042,10,736,8.2,89.8,GCCAACCTTG,,,
,GCF_003633895.1_ASM363389v1_genomic.fna,Vogesella idnigofera DSM 3043,11,1267,14.5,87.4,AGGTTGGCCG,,,
,GCF_003633895.1_ASM363389v1_genomic.fna,Vogesella idnigofera DSM 3044,12,1267,14.5,87.4,CGGCCAACCT,,,
,GCF_003633895.1_ASM363389v1_genomic.fna,Vogesella idnigofera DSM 3045,13,50,0.8,62.5,ATGAAAAAAC,,,
,GCF_003633895.1_ASM363389v1_genomic.fna,Vogesella idnigofera DSM 3046,14,50,0.8,62.5,GTTTTTTCAT,,,
,GCF_003633895.1_ASM363389v1_genomic.fna,Vogesella idnigofera DSM 3047,15,286,4.6,62.2,AAAGGTTGGC,,,
,GCF_003633895.1_ASM363389v1_genomic.fna,Vogesella idnigofera DSM 3048,16,286,4.6,62.2,GCCAACCTTT,,,
,GCF_003633895.1_ASM363389v1_genomic.fna,Vogesella idnigofera DSM 3049,17,1577,25.8,61.1,GCGGCCAACC,,,
,GCF_003633895.1_ASM363389v1_genomic.fna,Vogesella idnigofera DSM 3050,18,1577,25.8,61.1,GGTTGGCCGC,,,
,GCF_003633895.1_ASM363389v1_genomic.fna,Vogesella idnigofera DSM 3051,19,495,8.2,60.4,AACGTTGGCC,,,
,GCF_003633895.1_ASM363389v1_genomic.fna,Vogesella idnigofera DSM 3052,20,495,8.2,60.4,GGCCAACGTT,,,
,GCF_004328945.1_ASM432894v1_genomic.fna,Aquitalea sp. USM4,1,93,2,46.5,CATGAAAAAA,,,
,GCF_004328945.1_ASM432894v1_genomic.fna,Aquitalea sp. USM5,2,93,2,46.5,TTTTTTCATG,,,
,GCF_004328945.1_ASM432894v1_genomic.fna,Aquitalea sp. USM6,3,50,1.3,38.5,AAATGAAAAA,,,
,GCF_004328945.1_ASM432894v1_genomic.fna,Aquitalea sp. USM7,4,50,1.3,38.5,TTTTTCATTT,,,
,GCF_004328945.1_ASM432894v1_genomic.fna,Aquitalea sp. USM8,5,33,0.9,36.7,AATAAAAAAA,,,
,GCF_004328945.1_ASM432894v1_genomic.fna,Aquitalea sp. USM9,6,33,0.9,36.7,TTTTTTTATT,,,
,GCF_004328945.1_ASM432894v1_genomic.fna,Aquitalea sp. USM10,7,44,1.3,33.8,CAATAAAAAA,,,
,GCF_004328945.1_ASM432894v1_genomic.fna,Aquitalea sp. USM11,8,44,1.3,33.8,TTTTTTATTG,,,
,GCF_004328945.1_ASM432894v1_genomic.fna,Aquitalea sp. USM12,9,42,1.3,32.3,AATGAAAAAA,,,
,GCF_004328945.1_ASM432894v1_genomic.fna,Aquitalea sp. USM13,10,42,1.3,32.3,TTTTTTCATT,,,
,GCF_004328945.1_ASM432894v1_genomic.fna,Aquitalea sp. USM14,11,134,4.5,29.8,TGCTGGAAAA,,,
,GCF_004328945.1_ASM432894v1_genomic.fna,Aquitalea sp. USM15,12,134,4.5,29.8,TTTTCCAGCA,,,
,GCF_004328945.1_ASM432894v1_genomic.fna,Aquitalea sp. USM16,13,297,10.1,29.4,CAGCAACTGG,,,
,GCF_004328945.1_ASM432894v1_genomic.fna,Aquitalea sp. USM17,14,297,10.1,29.4,CCAGTTGCTG,,,
,GCF_004328945.1_ASM432894v1_genomic.fna,Aquitalea sp. USM18,15,443,15.2,29.1,CCAGCAGCAG,,,
,GCF_004328945.1_ASM432894v1_genomic.fna,Aquitalea sp. USM19,16,443,15.2,29.1,CTGCTGCTGG,,,
,GCF_004328945.1_ASM432894v1_genomic.fna,Aquitalea sp. USM20,17,58,2,29,ATGAAAAAAG,,,
,GCF_004328945.1_ASM432894v1_genomic.fna,Aquitalea sp. USM21,18,58,2,29,CTTTTTTCAT,,,
,GCF_004328945.1_ASM432894v1_genomic.fna,Aquitalea sp. USM22,19,26,0.9,28.9,AAATAAAAAA,,,
,GCF_004328945.1_ASM432894v1_genomic.fna,Aquitalea sp. USM23,20,440,15.2,28.9,CAGCAGCAGG,,,
,GCF_005155025.1_ASM515502v1_genomic.fna,Aquitalea aquatilis,1,31,0.9,34.4,AAATAAAAAA,,,
,GCF_005155025.1_ASM515502v1_genomic.fna,Aquitalea aquatilis,2,31,0.9,34.4,TTTTTTATTT,,,
,GCF_005155025.1_ASM515502v1_genomic.fna,Aquitalea aquatilis,3,525,15.3,34.3,CCAGCAGCAG,,,
,GCF_005155025.1_ASM515502v1_genomic.fna,Aquitalea aquatilis,4,525,15.3,34.3,CTGCTGCTGG,,,
,GCF_005155025.1_ASM515502v1_genomic.fna,Aquitalea aquatilis,5,44,1.3,33.8,AAAAGAAAAA,,,
,GCF_005155025.1_ASM515502v1_genomic.fna,Aquitalea aquatilis,6,44,1.3,33.8,TTTTTCTTTT,,,
,GCF_005155025.1_ASM515502v1_genomic.fna,Aquitalea aquatilis,7,66,2,33,CATGAAAAAA,,,
,GCF_005155025.1_ASM515502v1_genomic.fna,Aquitalea aquatilis,8,66,2,33,TTTTTTCATG,,,
,GCF_005155025.1_ASM515502v1_genomic.fna,Aquitalea aquatilis,9,40,1.3,30.8,CAATAAAAAA,,,
,GCF_005155025.1_ASM515502v1_genomic.fna,Aquitalea aquatilis,10,40,1.3,30.8,TTTTTTATTG,,,
,GCF_005155025.1_ASM515502v1_genomic.fna,Aquitalea aquatilis,11,462,15.3,30.2,CAGCAGCAGC,,,
,GCF_005155025.1_ASM515502v1_genomic.fna,Aquitalea aquatilis,12,462,15.3,30.2,GCTGCTGCTG,,,
,GCF_005155025.1_ASM515502v1_genomic.fna,Aquitalea aquatilis,13,461,15.3,30.1,CAGCAGCAGG,,,
,GCF_005155025.1_ASM515502v1_genomic.fna,Aquitalea aquatilis,14,461,15.3,30.1,CCTGCTGCTG,,,
,GCF_005155025.1_ASM515502v1_genomic.fna,Aquitalea aquatilis,15,39,1.3,30,AAATGAAAAA,,,
,GCF_005155025.1_ASM515502v1_genomic.fna,Aquitalea aquatilis,16,39,1.3,30,AATGAAAAAA,,,
,GCF_005155025.1_ASM515502v1_genomic.fna,Aquitalea aquatilis,17,39,1.3,30,TTTTTCATTT,,,
,GCF_005155025.1_ASM515502v1_genomic.fna,Aquitalea aquatilis,18,39,1.3,30,TTTTTTCATT,,,
,GCF_005155025.1_ASM515502v1_genomic.fna,Aquitalea aquatilis,19,134,4.5,29.8,TGCTGGAAAA,,,
,GCF_005155025.1_ASM515502v1_genomic.fna,Aquitalea aquatilis,20,134,4.5,29.8,TTTTCCAGCA,,,
,GCF_008275125.1_ASM827512v1_genomic.fna,Chromobacterium paludis,1,26,0.3,86.7,AAATAAAAAA,,,
,GCF_008275125.1_ASM827512v1_genomic.fna,Chromobacterium paludis,2,26,0.3,86.7,TTTTTTATTT,,,
,GCF_008275125.1_ASM827512v1_genomic.fna,Chromobacterium paludis,3,20,0.3,66.7,AAAAATAAAA,,,
,GCF_008275125.1_ASM827512v1_genomic.fna,Chromobacterium paludis,4,20,0.3,66.7,TTTTATTTTT,,,
,GCF_008275125.1_ASM827512v1_genomic.fna,Chromobacterium paludis,5,32,0.5,64,AAATGAAAAA,,,
,GCF_008275125.1_ASM827512v1_genomic.fna,Chromobacterium paludis,6,32,0.5,64,TTTTTCATTT,,,
,GCF_008275125.1_ASM827512v1_genomic.fna,Chromobacterium paludis,7,27,0.5,54,AATGAAAAAA,,,
,GCF_008275125.1_ASM827512v1_genomic.fna,Chromobacterium paludis,8,54,1,54,CATGAAAAAA,,,
,GCF_008275125.1_ASM827512v1_genomic.fna,Chromobacterium paludis,9,54,1,54,TTTTTTCATG,,,
,GCF_008275125.1_ASM827512v1_genomic.fna,Chromobacterium paludis,10,27,0.5,54,TTTTTTCATT,,,
,GCF_008275125.1_ASM827512v1_genomic.fna,Chromobacterium paludis,11,26,0.5,52,AAGAAAAAAT,,,
,GCF_008275125.1_ASM827512v1_genomic.fna,Chromobacterium paludis,12,26,0.5,52,ATTTTTTCTT,,,
,GCF_008275125.1_ASM827512v1_genomic.fna,Chromobacterium paludis,13,48,1,48,ATGAAAAAAG,,,
,GCF_008275125.1_ASM827512v1_genomic.fna,Chromobacterium paludis,14,48,1,48,CTTTTTTCAT,,,
,GCF_008275125.1_ASM827512v1_genomic.fna,Chromobacterium paludis,15,14,0.3,46.7,AAAATAAAAT,,,
,GCF_008275125.1_ASM827512v1_genomic.fna,Chromobacterium paludis,16,14,0.3,46.7,AATATATAAA,,,
,GCF_008275125.1_ASM827512v1_genomic.fna,Chromobacterium paludis,17,14,0.3,46.7,ATTTTATTTT,,,
,GCF_008275125.1_ASM827512v1_genomic.fna,Chromobacterium paludis,18,14,0.3,46.7,TTTATATATT,,,
,GCF_008275125.1_ASM827512v1_genomic.fna,Chromobacterium paludis,19,14,0.3,46.7,TTTTTAAAAA,,,
,GCF_008275125.1_ASM827512v1_genomic.fna,Chromobacterium paludis,20,22,0.5,44,ATGAAAAAAA,,,
,GCF_009856625.1_ASM985662v1_genomic.fna,Aquitalea denitrificans,1,491,14.4,34.1,CCAGCAGCAG,,,
,GCF_009856625.1_ASM985662v1_genomic.fna,Aquitalea denitrificans,2,491,14.4,34.1,CTGCTGCTGG,,,
,GCF_009856625.1_ASM985662v1_genomic.fna,Aquitalea denitrificans,3,460,14.4,31.9,CAGCAGCAGG,,,
,GCF_009856625.1_ASM985662v1_genomic.fna,Aquitalea denitrificans,4,460,14.4,31.9,CCTGCTGCTG,,,
,GCF_009856625.1_ASM985662v1_genomic.fna,Aquitalea denitrificans,5,442,14.4,30.7,GCCAGCAGCA,,,
,GCF_009856625.1_ASM985662v1_genomic.fna,Aquitalea denitrificans,6,442,14.4,30.7,TGCTGCTGGC,,,
,GCF_009856625.1_ASM985662v1_genomic.fna,Aquitalea denitrificans,7,86,2.9,29.7,CATGAAAAAA,,,
,GCF_009856625.1_ASM985662v1_genomic.fna,Aquitalea denitrificans,8,86,2.9,29.7,TTTTTTCATG,,,
,GCF_009856625.1_ASM985662v1_genomic.fna,Aquitalea denitrificans,9,421,14.4,29.2,CAGCAGCAGC,,,
,GCF_009856625.1_ASM985662v1_genomic.fna,Aquitalea denitrificans,10,421,14.4,29.2,GCTGCTGCTG,,,
,GCF_009856625.1_ASM985662v1_genomic.fna,Aquitalea denitrificans,11,295,10.4,28.4,CAGCAACTGG,,,
,GCF_009856625.1_ASM985662v1_genomic.fna,Aquitalea denitrificans,12,295,10.4,28.4,CCAGTTGCTG,,,
,GCF_009856625.1_ASM985662v1_genomic.fna,Aquitalea denitrificans,13,153,5.5,27.8,TGCTGGAAAA,,,
,GCF_009856625.1_ASM985662v1_genomic.fna,Aquitalea denitrificans,14,153,5.5,27.8,TTTTCCAGCA,,,
,GCF_009856625.1_ASM985662v1_genomic.fna,Aquitalea denitrificans,15,390,14.4,27.1,CAGCAGGCTG,,,
,GCF_009856625.1_ASM985662v1_genomic.fna,Aquitalea denitrificans,16,390,14.4,27.1,CAGCCTGCTG,,,
,GCF_009856625.1_ASM985662v1_genomic.fna,Aquitalea denitrificans,17,278,10.4,26.7,TCCAGCAGCA,,,
,GCF_009856625.1_ASM985662v1_genomic.fna,Aquitalea denitrificans,18,278,10.4,26.7,TGCTGCTGGA,,,
,GCF_009856625.1_ASM985662v1_genomic.fna,Aquitalea denitrificans,19,269,10.4,25.9,CAGCAGCATG,,,
,GCF_009856625.1_ASM985662v1_genomic.fna,Aquitalea denitrificans,20,269,10.4,25.9,CATGCTGCTG,,,
,GCF_009936155.1_ASM993615v1_genomic.fna,Chromobacterium haemolyticum,1,244,2.8,87.1,ATCGTAAACA,,,
,GCF_009936155.1_ASM993615v1_genomic.fna,Chromobacterium haemolyticum,2,244,2.8,87.1,TGTTTACGAT,,,
,GCF_009936155.1_ASM993615v1_genomic.fna,Chromobacterium haemolyticum,3,238,2.8,85,AGATCGTAAA,,,
,GCF_009936155.1_ASM993615v1_genomic.fna,Chromobacterium haemolyticum,4,238,2.8,85,TTTACGATCT,,,
,GCF_009936155.1_ASM993615v1_genomic.fna,Chromobacterium haemolyticum,5,217,2.8,77.5,AAATGCTCAT,,,
,GCF_009936155.1_ASM993615v1_genomic.fna,Chromobacterium haemolyticum,6,217,2.8,77.5,ATGAGCATTT,,,
,GCF_009936155.1_ASM993615v1_genomic.fna,Chromobacterium haemolyticum,7,243,4.6,52.8,GATCGTAAAC,,,
,GCF_009936155.1_ASM993615v1_genomic.fna,Chromobacterium haemolyticum,8,243,4.6,52.8,GTTTACGATC,,,
,GCF_009936155.1_ASM993615v1_genomic.fna,Chromobacterium haemolyticum,9,228,4.6,49.6,AACAGGTTCT,,,
,GCF_009936155.1_ASM993615v1_genomic.fna,Chromobacterium haemolyticum,10,228,4.6,49.6,AGAACCTGTT,,,
,GCF_009936155.1_ASM993615v1_genomic.fna,Chromobacterium haemolyticum,11,227,4.6,49.3,AATGCTCATG,,,
,GCF_009936155.1_ASM993615v1_genomic.fna,Chromobacterium haemolyticum,12,227,4.6,49.3,CATGAGCATT,,,
,GCF_009936155.1_ASM993615v1_genomic.fna,Chromobacterium haemolyticum,13,213,4.6,46.3,AAGGCGAAAA,,,
,GCF_009936155.1_ASM993615v1_genomic.fna,Chromobacterium haemolyticum,14,213,4.6,46.3,TTTTCGCCTT,,,
,GCF_009936155.1_ASM993615v1_genomic.fna,Chromobacterium haemolyticum,15,129,2.8,46.1,AGACTTTGAA,,,
,GCF_009936155.1_ASM993615v1_genomic.fna,Chromobacterium haemolyticum,16,129,2.8,46.1,TTCAAAGTCT,,,
,GCF_009936155.1_ASM993615v1_genomic.fna,Chromobacterium haemolyticum,17,127,2.8,45.4,AACCTGTTTA,,,
,GCF_009936155.1_ASM993615v1_genomic.fna,Chromobacterium haemolyticum,18,127,2.8,45.4,TAAACAGGTT,,,
,GCF_009936155.1_ASM993615v1_genomic.fna,Chromobacterium haemolyticum,19,126,2.8,45,ACTTTGAACA,,,
,GCF_009936155.1_ASM993615v1_genomic.fna,Chromobacterium haemolyticum,20,126,2.8,45,TGTTCAAAGT,,,
,GCF_012273555.1_ASM1227355v1_genomic.fna,Chromobacterium violaceum,1,25,0.2,125,AAAAATAAAA,,,
,GCF_012273555.1_ASM1227355v1_genomic.fna,Chromobacterium violaceum,2,25,0.2,125,AAATAAAAAA,,,
,GCF_012273555.1_ASM1227355v1_genomic.fna,Chromobacterium violaceum,3,23,0.2,115,AATAAAAAAA,,,
,GCF_012273555.1_ASM1227355v1_genomic.fna,Chromobacterium violaceum,4,20,0.2,100,AAAATAAAAA,,,
,GCF_012273555.1_ASM1227355v1_genomic.fna,Chromobacterium violaceum,5,59,0.7,84.3,CATGAAAAAA,,,
,GCF_012273555.1_ASM1227355v1_genomic.fna,Chromobacterium violaceum,6,25,0.3,83.3,TTTTATTTTT,,,
,GCF_012273555.1_ASM1227355v1_genomic.fna,Chromobacterium violaceum,7,25,0.3,83.3,TTTTTTATTT,,,
,GCF_012273555.1_ASM1227355v1_genomic.fna,Chromobacterium violaceum,8,23,0.3,76.7,TTTTTTTATT,,,
,GCF_012273555.1_ASM1227355v1_genomic.fna,Chromobacterium violaceum,9,15,0.2,75,AAAAAATAAA,,,
,GCF_012273555.1_ASM1227355v1_genomic.fna,Chromobacterium violaceum,10,29,0.4,72.5,AAAAACAAAA,,,
,GCF_012273555.1_ASM1227355v1_genomic.fna,Chromobacterium violaceum,11,29,0.4,72.5,AAATGAAAAA,,,
,GCF_012273555.1_ASM1227355v1_genomic.fna,Chromobacterium violaceum,12,29,0.4,72.5,AATGAAAAAA,,,
,GCF_012273555.1_ASM1227355v1_genomic.fna,Chromobacterium violaceum,13,14,0.2,70,ATAAAAATAA,,,
,GCF_012273555.1_ASM1227355v1_genomic.fna,Chromobacterium violaceum,14,27,0.4,67.5,AAAACAAAAA,,,
,GCF_012273555.1_ASM1227355v1_genomic.fna,Chromobacterium violaceum,15,54,0.8,67.5,ATGAAAAAAG,,,
,GCF_012273555.1_ASM1227355v1_genomic.fna,Chromobacterium violaceum,16,20,0.3,66.7,TTTTTATTTT,,,
,GCF_012273555.1_ASM1227355v1_genomic.fna,Chromobacterium violaceum,17,13,0.2,65,ATAAAAAAAA,,,
,GCF_012273555.1_ASM1227355v1_genomic.fna,Chromobacterium violaceum,18,13,0.2,65,TAAAAATAAA,,,
,GCF_012273555.1_ASM1227355v1_genomic.fna,Chromobacterium violaceum,19,25,0.4,62.5,ATAAAAAAAC,,,
,GCF_012273555.1_ASM1227355v1_genomic.fna,Chromobacterium violaceum,20,12,0.2,60,AAATAAAAAT,,,
,GCF_014788985.1_ASM1478898v1_genomic.fna,Chromobacterium haemolyticum,1,241,2.8,86.1,ATCGTAAACA,,,
,GCF_014788985.1_ASM1478898v1_genomic.fna,Chromobacterium haemolyticum,2,241,2.8,86.1,TGTTTACGAT,,,
,GCF_014788985.1_ASM1478898v1_genomic.fna,Chromobacterium haemolyticum,3,240,2.8,85.7,AGATCGTAAA,,,
,GCF_014788985.1_ASM1478898v1_genomic.fna,Chromobacterium haemolyticum,4,240,2.8,85.7,TTTACGATCT,,,
,GCF_014788985.1_ASM1478898v1_genomic.fna,Chromobacterium haemolyticum,5,214,2.8,76.4,AAATGCTCAT,,,
,GCF_014788985.1_ASM1478898v1_genomic.fna,Chromobacterium haemolyticum,6,214,2.8,76.4,ATGAGCATTT,,,
,GCF_014788985.1_ASM1478898v1_genomic.fna,Chromobacterium haemolyticum,7,245,4.5,54.4,GATCGTAAAC,,,
,GCF_014788985.1_ASM1478898v1_genomic.fna,Chromobacterium haemolyticum,8,245,4.5,54.4,GTTTACGATC,,,
,GCF_014788985.1_ASM1478898v1_genomic.fna,Chromobacterium haemolyticum,9,235,4.5,52.2,AACAGGTTCT,,,
,GCF_014788985.1_ASM1478898v1_genomic.fna,Chromobacterium haemolyticum,10,235,4.5,52.2,AGAACCTGTT,,,
,GCF_014788985.1_ASM1478898v1_genomic.fna,Chromobacterium haemolyticum,11,221,4.5,49.1,AATGCTCATG,,,
,GCF_014788985.1_ASM1478898v1_genomic.fna,Chromobacterium haemolyticum,12,221,4.5,49.1,CATGAGCATT,,,
,GCF_014788985.1_ASM1478898v1_genomic.fna,Chromobacterium haemolyticum,13,134,2.8,47.9,AACCTGTTTA,,,
,GCF_014788985.1_ASM1478898v1_genomic.fna,Chromobacterium haemolyticum,14,134,2.8,47.9,TAAACAGGTT,,,
,GCF_014788985.1_ASM1478898v1_genomic.fna,Chromobacterium haemolyticum,15,209,4.5,46.4,AAGGCGAAAA,,,
,GCF_014788985.1_ASM1478898v1_genomic.fna,Chromobacterium haemolyticum,16,209,4.5,46.4,TTTTCGCCTT,,,
,GCF_014788985.1_ASM1478898v1_genomic.fna,Chromobacterium haemolyticum,17,128,2.8,45.7,ACTTTGAACA,,,
,GCF_014788985.1_ASM1478898v1_genomic.fna,Chromobacterium haemolyticum,18,128,2.8,45.7,TGTTCAAAGT,,,
,GCF_014788985.1_ASM1478898v1_genomic.fna,Chromobacterium haemolyticum,19,27,0.6,45,AAATAAAAAA,,,
,GCF_014788985.1_ASM1478898v1_genomic.fna,Chromobacterium haemolyticum,20,27,0.6,45,TTTTTTATTT,,,
,GCF_015291765.1_ASM1529176v1_genomic.fna,Chromobacterium sp. Rain0013,1,266,2.7,98.5,AAATGCTCAT,,,
,GCF_015291765.1_ASM1529176v1_genomic.fna,Chromobacterium sp. Rain0014,2,266,2.7,98.5,ATGAGCATTT,,,
,GCF_015291765.1_ASM1529176v1_genomic.fna,Chromobacterium sp. Rain0015,3,247,2.7,91.5,ATCGTAAACA,,,
,GCF_015291765.1_ASM1529176v1_genomic.fna,Chromobacterium sp. Rain0016,4,247,2.7,91.5,TGTTTACGAT,,,
,GCF_015291765.1_ASM1529176v1_genomic.fna,Chromobacterium sp. Rain0017,5,241,2.7,89.3,AGATCGTAAA,,,
,GCF_015291765.1_ASM1529176v1_genomic.fna,Chromobacterium sp. Rain0018,6,241,2.7,89.3,TTTACGATCT,,,
,GCF_015291765.1_ASM1529176v1_genomic.fna,Chromobacterium sp. Rain0019,7,272,4.3,63.3,AATGCTCATG,,,
,GCF_015291765.1_ASM1529176v1_genomic.fna,Chromobacterium sp. Rain0020,8,272,4.3,63.3,CATGAGCATT,,,
,GCF_015291765.1_ASM1529176v1_genomic.fna,Chromobacterium sp. Rain0021,9,265,4.3,61.6,AAGGCGAAAA,,,
,GCF_015291765.1_ASM1529176v1_genomic.fna,Chromobacterium sp. Rain0022,10,265,4.3,61.6,TTTTCGCCTT,,,
,GCF_015291765.1_ASM1529176v1_genomic.fna,Chromobacterium sp. Rain0023,11,261,4.3,60.7,AACAGGTTCT,,,
,GCF_015291765.1_ASM1529176v1_genomic.fna,Chromobacterium sp. Rain0024,12,261,4.3,60.7,AGAACCTGTT,,,
,GCF_015291765.1_ASM1529176v1_genomic.fna,Chromobacterium sp. Rain0025,13,258,4.3,60,GATCGTAAAC,,,
,GCF_015291765.1_ASM1529176v1_genomic.fna,Chromobacterium sp. Rain0026,14,258,4.3,60,GTTTACGATC,,,
,GCF_015291765.1_ASM1529176v1_genomic.fna,Chromobacterium sp. Rain0027,15,153,2.7,56.7,ACTTTGAACA,,,
,GCF_015291765.1_ASM1529176v1_genomic.fna,Chromobacterium sp. Rain0028,16,153,2.7,56.7,TGTTCAAAGT,,,
,GCF_015291765.1_ASM1529176v1_genomic.fna,Chromobacterium sp. Rain0029,17,238,4.3,55.3,ACATGAGCAT,,,
,GCF_015291765.1_ASM1529176v1_genomic.fna,Chromobacterium sp. Rain0030,18,238,4.3,55.3,ATGCTCATGT,,,
,GCF_015291765.1_ASM1529176v1_genomic.fna,Chromobacterium sp. Rain0031,19,148,2.7,54.8,AGACTTTGAA,,,
,GCF_015291765.1_ASM1529176v1_genomic.fna,Chromobacterium sp. Rain0032,20,148,2.7,54.8,TTCAAAGTCT,,,
,GCF_016888985.1_ASM1688898v1_genomic.fna,Chromobacterium violaceum,1,20,0.3,66.7,AATAAAAAAA,,,
,GCF_016888985.1_ASM1688898v1_genomic.fna,Chromobacterium violaceum,2,20,0.3,66.7,TTTTTTTATT,,,
,GCF_016888985.1_ASM1688898v1_genomic.fna,Chromobacterium violaceum,3,19,0.3,63.3,AAATAAAAAA,,,
,GCF_016888985.1_ASM1688898v1_genomic.fna,Chromobacterium violaceum,4,19,0.3,63.3,TTTTTTATTT,,,
,GCF_016888985.1_ASM1688898v1_genomic.fna,Chromobacterium violaceum,5,16,0.3,53.3,AAAAATAAAA,,,
,GCF_016888985.1_ASM1688898v1_genomic.fna,Chromobacterium violaceum,6,16,0.3,53.3,AAAATAAAAA,,,
,GCF_016888985.1_ASM1688898v1_genomic.fna,Chromobacterium violaceum,7,32,0.6,53.3,AAATGAAAAA,,,
,GCF_016888985.1_ASM1688898v1_genomic.fna,Chromobacterium violaceum,8,16,0.3,53.3,TTTTATTTTT,,,
,GCF_016888985.1_ASM1688898v1_genomic.fna,Chromobacterium violaceum,9,16,0.3,53.3,TTTTTATTTT,,,
,GCF_016888985.1_ASM1688898v1_genomic.fna,Chromobacterium violaceum,10,32,0.6,53.3,TTTTTCATTT,,,
,GCF_016888985.1_ASM1688898v1_genomic.fna,Chromobacterium violaceum,11,58,1.1,52.7,CATGAAAAAA,,,
,GCF_016888985.1_ASM1688898v1_genomic.fna,Chromobacterium violaceum,12,58,1.1,52.7,TTTTTTCATG,,,
,GCF_016888985.1_ASM1688898v1_genomic.fna,Chromobacterium violaceum,13,31,0.6,51.7,AATGAAAAAA,,,
,GCF_016888985.1_ASM1688898v1_genomic.fna,Chromobacterium violaceum,14,31,0.6,51.7,TTTTTTCATT,,,
,GCF_016888985.1_ASM1688898v1_genomic.fna,Chromobacterium violaceum,15,54,1.1,49.1,ATGAAAAAAG,,,
,GCF_016888985.1_ASM1688898v1_genomic.fna,Chromobacterium violaceum,16,54,1.1,49.1,CTTTTTTCAT,,,
,GCF_016888985.1_ASM1688898v1_genomic.fna,Chromobacterium violaceum,17,27,0.6,45,AAAAACAAAA,,,
,GCF_016888985.1_ASM1688898v1_genomic.fna,Chromobacterium violaceum,18,27,0.6,45,TTTTGTTTTT,,,
,GCF_016888985.1_ASM1688898v1_genomic.fna,Chromobacterium violaceum,19,13,0.3,43.3,AAAAATAATA,,,
,GCF_016888985.1_ASM1688898v1_genomic.fna,Chromobacterium violaceum,20,13,0.3,43.3,TATTATTTTT,,,
,GCF_016890085.1_ASM1689008v1_genomic.fna,Chromobacterium violaceum,1,20,0.3,66.7,AATAAAAAAA,,,
,GCF_016890085.1_ASM1689008v1_genomic.fna,Chromobacterium violaceum,2,20,0.3,66.7,TTTTTTTATT,,,
,GCF_016890085.1_ASM1689008v1_genomic.fna,Chromobacterium violaceum,3,19,0.3,63.3,AAATAAAAAA,,,
,GCF_016890085.1_ASM1689008v1_genomic.fna,Chromobacterium violaceum,4,19,0.3,63.3,TTTTTTATTT,,,
,GCF_016890085.1_ASM1689008v1_genomic.fna,Chromobacterium violaceum,5,16,0.3,53.3,AAAAATAAAA,,,
,GCF_016890085.1_ASM1689008v1_genomic.fna,Chromobacterium violaceum,6,16,0.3,53.3,AAAATAAAAA,,,
,GCF_016890085.1_ASM1689008v1_genomic.fna,Chromobacterium violaceum,7,32,0.6,53.3,AAATGAAAAA,,,
,GCF_016890085.1_ASM1689008v1_genomic.fna,Chromobacterium violaceum,8,16,0.3,53.3,TTTTATTTTT,,,
,GCF_016890085.1_ASM1689008v1_genomic.fna,Chromobacterium violaceum,9,16,0.3,53.3,TTTTTATTTT,,,
,GCF_016890085.1_ASM1689008v1_genomic.fna,Chromobacterium violaceum,10,32,0.6,53.3,TTTTTCATTT,,,
,GCF_016890085.1_ASM1689008v1_genomic.fna,Chromobacterium violaceum,11,58,1.1,52.7,CATGAAAAAA,,,
,GCF_016890085.1_ASM1689008v1_genomic.fna,Chromobacterium violaceum,12,58,1.1,52.7,TTTTTTCATG,,,
,GCF_016890085.1_ASM1689008v1_genomic.fna,Chromobacterium violaceum,13,31,0.6,51.7,AATGAAAAAA,,,
,GCF_016890085.1_ASM1689008v1_genomic.fna,Chromobacterium violaceum,14,31,0.6,51.7,TTTTTTCATT,,,
,GCF_016890085.1_ASM1689008v1_genomic.fna,Chromobacterium violaceum,15,54,1.1,49.1,ATGAAAAAAG,,,
,GCF_016890085.1_ASM1689008v1_genomic.fna,Chromobacterium violaceum,16,54,1.1,49.1,CTTTTTTCAT,,,
,GCF_016890085.1_ASM1689008v1_genomic.fna,Chromobacterium violaceum,17,27,0.6,45,AAAAACAAAA,,,
,GCF_016890085.1_ASM1689008v1_genomic.fna,Chromobacterium violaceum,18,27,0.6,45,TTTTGTTTTT,,,
,GCF_016890085.1_ASM1689008v1_genomic.fna,Chromobacterium violaceum,19,13,0.3,43.3,AAAAATAATA,,,
,GCF_016890085.1_ASM1689008v1_genomic.fna,Chromobacterium violaceum,20,13,0.3,43.3,TATTATTTTT,,,
,GCF_018802605.1_ASM1880260v1_genomic.fna,Paludibacterium paludis,1,39,0.8,48.8,ATGAAAAAAA,,,
,GCF_018802605.1_ASM1880260v1_genomic.fna,Paludibacterium paludis,2,39,0.8,48.8,TTTTTTTCAT,,,
,GCF_018802605.1_ASM1880260v1_genomic.fna,Paludibacterium paludis,3,22,0.5,44,AATAAAAAAA,,,
,GCF_018802605.1_ASM1880260v1_genomic.fna,Paludibacterium paludis,4,22,0.5,44,TTTTTTTATT,,,
,GCF_018802605.1_ASM1880260v1_genomic.fna,Paludibacterium paludis,5,21,0.5,42,AAATAAAAAA,,,
,GCF_018802605.1_ASM1880260v1_genomic.fna,Paludibacterium paludis,6,21,0.5,42,TTTTTTATTT,,,
,GCF_018802605.1_ASM1880260v1_genomic.fna,Paludibacterium paludis,7,54,1.3,41.5,CATGAAAAAA,,,
,GCF_018802605.1_ASM1880260v1_genomic.fna,Paludibacterium paludis,8,54,1.3,41.5,TTTTTTCATG,,,
,GCF_018802605.1_ASM1880260v1_genomic.fna,Paludibacterium paludis,9,30,0.8,37.5,AATGAAAAAA,,,
,GCF_018802605.1_ASM1880260v1_genomic.fna,Paludibacterium paludis,10,30,0.8,37.5,TTTTTTCATT,,,
,GCF_018802605.1_ASM1880260v1_genomic.fna,Paludibacterium paludis,11,26,0.8,32.5,ATTTTTTTCA,,,
,GCF_018802605.1_ASM1880260v1_genomic.fna,Paludibacterium paludis,12,26,0.8,32.5,TGAAAAAAAT,,,
,GCF_018802605.1_ASM1880260v1_genomic.fna,Paludibacterium paludis,13,25,0.8,31.2,AAATGAAAAA,,,
,GCF_018802605.1_ASM1880260v1_genomic.fna,Paludibacterium paludis,14,25,0.8,31.2,TTTTTCATTT,,,
,GCF_018802605.1_ASM1880260v1_genomic.fna,Paludibacterium paludis,15,39,1.3,30,ATGAAAAAAC,,,
,GCF_018802605.1_ASM1880260v1_genomic.fna,Paludibacterium paludis,16,39,1.3,30,GTTTTTTCAT,,,
,GCF_018802605.1_ASM1880260v1_genomic.fna,Paludibacterium paludis,17,100,3.5,28.6,TCGATATCGA,,,
,GCF_018802605.1_ASM1880260v1_genomic.fna,Paludibacterium paludis,18,14,0.5,28,ATAAAAAAAT,,,
,GCF_018802605.1_ASM1880260v1_genomic.fna,Paludibacterium paludis,19,14,0.5,28,ATTTTTTTAT,,,
,GCF_018802605.1_ASM1880260v1_genomic.fna,Paludibacterium paludis,20,22,0.8,27.5,AAACAAAAAA,,,
,GCF_018802645.1_ASM1880264v1_genomic.fna,Paludibacterium yongneupense,1,168,3.8,44.2,TCGATATCGA,,,
,GCF_018802645.1_ASM1880264v1_genomic.fna,Paludibacterium yongneupense,2,22,0.5,44,AATAAAAAAA,,,
,GCF_018802645.1_ASM1880264v1_genomic.fna,Paludibacterium yongneupense,3,22,0.5,44,TTTTTTTATT,,,
,GCF_018802645.1_ASM1880264v1_genomic.fna,Paludibacterium yongneupense,4,35,0.9,38.9,ATGAAAAAAA,,,
,GCF_018802645.1_ASM1880264v1_genomic.fna,Paludibacterium yongneupense,5,35,0.9,38.9,TTTTTTTCAT,,,
,GCF_018802645.1_ASM1880264v1_genomic.fna,Paludibacterium yongneupense,6,17,0.5,34,AAATAAAAAA,,,
,GCF_018802645.1_ASM1880264v1_genomic.fna,Paludibacterium yongneupense,7,17,0.5,34,TTTTTTATTT,,,
,GCF_018802645.1_ASM1880264v1_genomic.fna,Paludibacterium yongneupense,8,44,1.4,31.4,CATGAAAAAA,,,
,GCF_018802645.1_ASM1880264v1_genomic.fna,Paludibacterium yongneupense,9,44,1.4,31.4,TTTTTTCATG,,,
,GCF_018802645.1_ASM1880264v1_genomic.fna,Paludibacterium yongneupense,10,43,1.4,30.7,AAAAAATCGA,,,
,GCF_018802645.1_ASM1880264v1_genomic.fna,Paludibacterium yongneupense,11,43,1.4,30.7,TCGATTTTTT,,,
,GCF_018802645.1_ASM1880264v1_genomic.fna,Paludibacterium yongneupense,12,109,3.8,28.7,ATCGATATCG,,,
,GCF_018802645.1_ASM1880264v1_genomic.fna,Paludibacterium yongneupense,13,109,3.8,28.7,CGATATCGAT,,,
,GCF_018802645.1_ASM1880264v1_genomic.fna,Paludibacterium yongneupense,14,39,1.4,27.9,ATTTTTTCGA,,,
,GCF_018802645.1_ASM1880264v1_genomic.fna,Paludibacterium yongneupense,15,39,1.4,27.9,TCGAAAAAAT,,,
,GCF_018802645.1_ASM1880264v1_genomic.fna,Paludibacterium yongneupense,16,24,0.9,26.7,ATTTTTTTCA,,,
,GCF_018802645.1_ASM1880264v1_genomic.fna,Paludibacterium yongneupense,17,24,0.9,26.7,TGAAAAAAAT,,,
,GCF_018802645.1_ASM1880264v1_genomic.fna,Paludibacterium yongneupense,18,13,0.5,26,ATTTTAAATA,,,
,GCF_018802645.1_ASM1880264v1_genomic.fna,Paludibacterium yongneupense,19,13,0.5,26,TATTTAAAAT,,,
,GCF_018802645.1_ASM1880264v1_genomic.fna,Paludibacterium yongneupense,20,23,0.9,25.6,ATGAAAAAAT,,,
,GCF_018802765.1_ASM1880276v1_genomic.fna,Paludibacterium sp. B53370,1,32,0.7,45.7,CATAAAAAAA,,,
,GCF_018802765.1_ASM1880276v1_genomic.fna,Paludibacterium sp. B53371,2,32,0.7,45.7,TTTTTTTATG,,,
,GCF_018802765.1_ASM1880276v1_genomic.fna,Paludibacterium sp. B53372,3,31,0.7,44.3,ATAAAAAAAC,,,
,GCF_018802765.1_ASM1880276v1_genomic.fna,Paludibacterium sp. B53373,4,31,0.7,44.3,GTTTTTTTAT,,,
,GCF_018802765.1_ASM1880276v1_genomic.fna,Paludibacterium sp. B53374,5,17,0.4,42.5,AAATAAAAAA,,,
,GCF_018802765.1_ASM1880276v1_genomic.fna,Paludibacterium sp. B53375,6,17,0.4,42.5,TTTTTTATTT,,,
,GCF_018802765.1_ASM1880276v1_genomic.fna,Paludibacterium sp. B53376,7,48,1.2,40,AAAATACAAG,,,
,GCF_018802765.1_ASM1880276v1_genomic.fna,Paludibacterium sp. B53377,8,28,0.7,40,AATGAAAAAA,,,
,GCF_018802765.1_ASM1880276v1_genomic.fna,Paludibacterium sp. B53378,9,28,0.7,40,ATGAAAAAAA,,,
,GCF_018802765.1_ASM1880276v1_genomic.fna,Paludibacterium sp. B53379,10,48,1.2,40,CAAAATACAA,,,
,GCF_018802765.1_ASM1880276v1_genomic.fna,Paludibacterium sp. B53380,11,48,1.2,40,CTTGTATTTT,,,
,GCF_018802765.1_ASM1880276v1_genomic.fna,Paludibacterium sp. B53381,12,48,1.2,40,TTGTATTTTG,,,
,GCF_018802765.1_ASM1880276v1_genomic.fna,Paludibacterium sp. B53382,13,28,0.7,40,TTTTTTCATT,,,
,GCF_018802765.1_ASM1880276v1_genomic.fna,Paludibacterium sp. B53383,14,28,0.7,40,TTTTTTTCAT,,,
,GCF_018802765.1_ASM1880276v1_genomic.fna,Paludibacterium sp. B53384,15,47,1.2,39.2,AAATACAAGA,,,
,GCF_018802765.1_ASM1880276v1_genomic.fna,Paludibacterium sp. B53385,16,47,1.2,39.2,TCTTGTATTT,,,
,GCF_018802765.1_ASM1880276v1_genomic.fna,Paludibacterium sp. B53386,17,45,1.2,37.5,CATGAAAAAA,,,
,GCF_018802765.1_ASM1880276v1_genomic.fna,Paludibacterium sp. B53387,18,45,1.2,37.5,TTTTTTCATG,,,
,GCF_018802765.1_ASM1880276v1_genomic.fna,Paludibacterium sp. B53388,19,23,0.7,32.9,AAATGAAAAA,,,
,GCF_018802765.1_ASM1880276v1_genomic.fna,Paludibacterium sp. B53389,20,23,0.7,32.9,GATAAAAAAA,,,
,GCF_020544465.1_ASM2054446v1_genomic.fna,Chromobacterium rhizoryzae,1,230,2.1,109.5,AGATCGTAAA,,,
,GCF_020544465.1_ASM2054446v1_genomic.fna,Chromobacterium rhizoryzae,2,230,2.1,109.5,TTTACGATCT,,,
,GCF_020544465.1_ASM2054446v1_genomic.fna,Chromobacterium rhizoryzae,3,214,2.1,101.9,ATCGTAAACA,,,
,GCF_020544465.1_ASM2054446v1_genomic.fna,Chromobacterium rhizoryzae,4,214,2.1,101.9,TGTTTACGAT,,,
,GCF_020544465.1_ASM2054446v1_genomic.fna,Chromobacterium rhizoryzae,5,176,2.1,83.8,AAATGCTCAT,,,
,GCF_020544465.1_ASM2054446v1_genomic.fna,Chromobacterium rhizoryzae,6,176,2.1,83.8,ATGAGCATTT,,,
,GCF_020544465.1_ASM2054446v1_genomic.fna,Chromobacterium rhizoryzae,7,32,0.4,80,AATAAAAAAA,,,
,GCF_020544465.1_ASM2054446v1_genomic.fna,Chromobacterium rhizoryzae,8,32,0.4,80,TTTTTTTATT,,,
,GCF_020544465.1_ASM2054446v1_genomic.fna,Chromobacterium rhizoryzae,9,237,3.8,62.4,GATCGTAAAC,,,
,GCF_020544465.1_ASM2054446v1_genomic.fna,Chromobacterium rhizoryzae,10,237,3.8,62.4,GTTTACGATC,,,
,GCF_020544465.1_ASM2054446v1_genomic.fna,Chromobacterium rhizoryzae,11,22,0.4,55,AAAAATAAAA,,,
,GCF_020544465.1_ASM2054446v1_genomic.fna,Chromobacterium rhizoryzae,12,22,0.4,55,TTTTATTTTT,,,
,GCF_020544465.1_ASM2054446v1_genomic.fna,Chromobacterium rhizoryzae,13,38,0.7,54.3,AAAAACAAAA,,,
,GCF_020544465.1_ASM2054446v1_genomic.fna,Chromobacterium rhizoryzae,14,38,0.7,54.3,TTTTGTTTTT,,,
,GCF_020544465.1_ASM2054446v1_genomic.fna,Chromobacterium rhizoryzae,15,112,2.1,53.3,AACCTGTTTA,,,
,GCF_020544465.1_ASM2054446v1_genomic.fna,Chromobacterium rhizoryzae,16,112,2.1,53.3,TAAACAGGTT,,,
,GCF_020544465.1_ASM2054446v1_genomic.fna,Chromobacterium rhizoryzae,17,21,0.4,52.5,AAAATAAAAA,,,
,GCF_020544465.1_ASM2054446v1_genomic.fna,Chromobacterium rhizoryzae,18,21,0.4,52.5,AAATAAAAAA,,,
,GCF_020544465.1_ASM2054446v1_genomic.fna,Chromobacterium rhizoryzae,19,21,0.4,52.5,TTTTTATTTT,,,
X,GCF_020544465.1_ASM2054446v1_genomic.fna,Chromobacterium rhizoryzae,20,21,0.4,52.5,TTTTTTATTT,,,
,GCF_020616155.1_ASM2061615v1_genomic.fna,Vogesella sp. XCS3,1,2289,13.6,168.3,GTTGGCCGCA,,,
,GCF_020616155.1_ASM2061615v1_genomic.fna,Vogesella sp. XCS4,2,2289,14.7,155.7,TGCGGCCAAC,,,
,GCF_020616155.1_ASM2061615v1_genomic.fna,Vogesella sp. XCS5,3,1735,20.3,85.5,GGTTGGCCGC,,,
,GCF_020616155.1_ASM2061615v1_genomic.fna,Vogesella sp. XCS6,4,1064,13.1,81.2,AGGTTGGCCG,,,
,GCF_020616155.1_ASM2061615v1_genomic.fna,Vogesella sp. XCS7,5,1735,24.1,72,GCGGCCAACC,,,
,GCF_020616155.1_ASM2061615v1_genomic.fna,Vogesella sp. XCS8,6,1064,15.2,70,CGGCCAACCT,,,
,GCF_020616155.1_ASM2061615v1_genomic.fna,Vogesella sp. XCS9,7,897,13.6,66,TTGGCCGCAG,,,
,GCF_020616155.1_ASM2061615v1_genomic.fna,Vogesella sp. XCS10,8,572,8.7,65.7,AAGGTTGGCC,,,
,GCF_020616155.1_ASM2061615v1_genomic.fna,Vogesella sp. XCS11,9,561,8.6,65.2,TTGGCCGCAT,,,
,GCF_020616155.1_ASM2061615v1_genomic.fna,Vogesella sp. XCS12,10,572,9.3,61.5,GGCCAACCTT,,,
,GCF_020616155.1_ASM2061615v1_genomic.fna,Vogesella sp. XCS13,11,897,14.7,61,CTGCGGCCAA,,,
,GCF_020616155.1_ASM2061615v1_genomic.fna,Vogesella sp. XCS14,12,561,9.5,59.1,ATGCGGCCAA,,,
,GCF_020616155.1_ASM2061615v1_genomic.fna,Vogesella sp. XCS15,13,71,1.3,54.6,TTTTTTCATG,,,
,GCF_020616155.1_ASM2061615v1_genomic.fna,Vogesella sp. XCS16,14,488,9,54.2,TTGCGGCCAA,,,
,GCF_020616155.1_ASM2061615v1_genomic.fna,Vogesella sp. XCS17,15,488,9,54.2,TTGGCCGCAA,,,
,GCF_020616155.1_ASM2061615v1_genomic.fna,Vogesella sp. XCS18,16,38,0.8,47.5,TTTTTTATTG,,,
,GCF_020616155.1_ASM2061615v1_genomic.fna,Vogesella sp. XCS19,17,23,0.5,46,TTTTTTTATT,,,
,GCF_020616155.1_ASM2061615v1_genomic.fna,Vogesella sp. XCS20,18,34,0.8,42.5,TTTTTCTTTT,,,
,GCF_020616155.1_ASM2061615v1_genomic.fna,Vogesella sp. XCS21,19,55,1.3,42.3,CTTTTTTCAT,,,
,GCF_020616155.1_ASM2061615v1_genomic.fna,Vogesella sp. XCS22,20,542,13.6,39.9,AGTTGGCCGC,,,
,GCF_021496765.1_ASM2149676v1_genomic.fna,Chromobacterium sp. Beijing,1,203,2.2,92.3,AGATCGTAAA,,,
,GCF_021496765.1_ASM2149676v1_genomic.fna,Chromobacterium sp. Beijing,2,203,2.2,92.3,TTTACGATCT,,,
,GCF_021496765.1_ASM2149676v1_genomic.fna,Chromobacterium sp. Beijing,3,201,2.2,91.4,ATCGTAAACA,,,
,GCF_021496765.1_ASM2149676v1_genomic.fna,Chromobacterium sp. Beijing,4,201,2.2,91.4,TGTTTACGAT,,,
,GCF_021496765.1_ASM2149676v1_genomic.fna,Chromobacterium sp. Beijing,5,35,0.4,87.5,AATAAAAAAA,,,
,GCF_021496765.1_ASM2149676v1_genomic.fna,Chromobacterium sp. Beijing,6,35,0.4,87.5,TTTTTTTATT,,,
,GCF_021496765.1_ASM2149676v1_genomic.fna,Chromobacterium sp. Beijing,7,28,0.4,70,AAAAATAAAT,,,
,GCF_021496765.1_ASM2149676v1_genomic.fna,Chromobacterium sp. Beijing,8,28,0.4,70,ATTTATTTTT,,,
,GCF_021496765.1_ASM2149676v1_genomic.fna,Chromobacterium sp. Beijing,9,144,2.2,65.5,AAATGCTCAT,,,
,GCF_021496765.1_ASM2149676v1_genomic.fna,Chromobacterium sp. Beijing,10,144,2.2,65.5,ATGAGCATTT,,,
,GCF_021496765.1_ASM2149676v1_genomic.fna,Chromobacterium sp. Beijing,11,24,0.4,60,AAATAAAAAA,,,
,GCF_021496765.1_ASM2149676v1_genomic.fna,Chromobacterium sp. Beijing,12,24,0.4,60,TTTTTTATTT,,,
,GCF_021496765.1_ASM2149676v1_genomic.fna,Chromobacterium sp. Beijing,13,220,3.8,57.9,GATCGTAAAC,,,
,GCF_021496765.1_ASM2149676v1_genomic.fna,Chromobacterium sp. Beijing,14,220,3.8,57.9,GTTTACGATC,,,
,GCF_021496765.1_ASM2149676v1_genomic.fna,Chromobacterium sp. Beijing,15,23,0.4,57.5,AAAAATAAAA,,,
,GCF_021496765.1_ASM2149676v1_genomic.fna,Chromobacterium sp. Beijing,16,23,0.4,57.5,AAAATAAAAA,,,
,GCF_021496765.1_ASM2149676v1_genomic.fna,Chromobacterium sp. Beijing,17,23,0.4,57.5,TTTTATTTTT,,,
,GCF_021496765.1_ASM2149676v1_genomic.fna,Chromobacterium sp. Beijing,18,23,0.4,57.5,TTTTTATTTT,,,
,GCF_021496765.1_ASM2149676v1_genomic.fna,Chromobacterium sp. Beijing,19,21,0.4,52.5,AAAAAATAAA,,,
,GCF_021496765.1_ASM2149676v1_genomic.fna,Chromobacterium sp. Beijing,20,21,0.4,52.5,TTTATTTTTT,,,
,GCF_024207115.1_ASM2420711v1_genomic.fna,Chromobacterium sp. IIBBL 290-4,1,44,1,44,AAAATGAAAA,,,
,GCF_024207115.1_ASM2420711v1_genomic.fna,Chromobacterium sp. IIBBL 290-5,2,44,1,44,TTTTCATTTT,,,
,GCF_024207115.1_ASM2420711v1_genomic.fna,Chromobacterium sp. IIBBL 290-6,3,26,0.6,43.3,AAAATAAAAA,,,
,GCF_024207115.1_ASM2420711v1_genomic.fna,Chromobacterium sp. IIBBL 290-7,4,26,0.6,43.3,AAATAAAAAA,,,
,GCF_024207115.1_ASM2420711v1_genomic.fna,Chromobacterium sp. IIBBL 290-8,5,26,0.6,43.3,TTTTTATTTT,,,
,GCF_024207115.1_ASM2420711v1_genomic.fna,Chromobacterium sp. IIBBL 290-9,6,26,0.6,43.3,TTTTTTATTT,,,
,GCF_024207115.1_ASM2420711v1_genomic.fna,Chromobacterium sp. IIBBL 290-10,7,40,1,40,AAATGAAAAA,,,
,GCF_024207115.1_ASM2420711v1_genomic.fna,Chromobacterium sp. IIBBL 290-11,8,40,1,40,TTTTTCATTT,,,
,GCF_024207115.1_ASM2420711v1_genomic.fna,Chromobacterium sp. IIBBL 290-12,9,23,0.6,38.3,AATAAAAAAA,,,
,GCF_024207115.1_ASM2420711v1_genomic.fna,Chromobacterium sp. IIBBL 290-13,10,23,0.6,38.3,TTTTTTTATT,,,
,GCF_024207115.1_ASM2420711v1_genomic.fna,Chromobacterium sp. IIBBL 290-14,11,22,0.6,36.7,AAATAAAAAT,,,
,GCF_024207115.1_ASM2420711v1_genomic.fna,Chromobacterium sp. IIBBL 290-15,12,22,0.6,36.7,ATTTTTATTT,,,
,GCF_024207115.1_ASM2420711v1_genomic.fna,Chromobacterium sp. IIBBL 290-16,13,36,1,36,AATGAAAAAA,,,
,GCF_024207115.1_ASM2420711v1_genomic.fna,Chromobacterium sp. IIBBL 290-17,14,36,1,36,ATGAAAAAAA,,,
,GCF_024207115.1_ASM2420711v1_genomic.fna,Chromobacterium sp. IIBBL 290-18,15,36,1,36,TTTTTTCATT,,,
,GCF_024207115.1_ASM2420711v1_genomic.fna,Chromobacterium sp. IIBBL 290-19,16,36,1,36,TTTTTTTCAT,,,
,GCF_024207115.1_ASM2420711v1_genomic.fna,Chromobacterium sp. IIBBL 290-20,17,35,1,35,CAATAAAAAA,,,
,GCF_024207115.1_ASM2420711v1_genomic.fna,Chromobacterium sp. IIBBL 290-21,18,35,1,35,TTTTTTATTG,,,
,GCF_024207115.1_ASM2420711v1_genomic.fna,Chromobacterium sp. IIBBL 290-22,19,20,0.6,33.3,AATAAAAATA,,,
,GCF_024207115.1_ASM2420711v1_genomic.fna,Chromobacterium sp. IIBBL 290-23,20,20,0.6,33.3,TATTTTTATT,,,
,GCF_033095845.1_ASM3309584v1_genomic.fna,Chromobacterium haemolyticum,1,266,2.7,98.5,AAATGCTCAT,,,
,GCF_033095845.1_ASM3309584v1_genomic.fna,Chromobacterium haemolyticum,2,266,2.7,98.5,ATGAGCATTT,,,
,GCF_033095845.1_ASM3309584v1_genomic.fna,Chromobacterium haemolyticum,3,247,2.7,91.5,ATCGTAAACA,,,
,GCF_033095845.1_ASM3309584v1_genomic.fna,Chromobacterium haemolyticum,4,247,2.7,91.5,TGTTTACGAT,,,
,GCF_033095845.1_ASM3309584v1_genomic.fna,Chromobacterium haemolyticum,5,241,2.7,89.3,AGATCGTAAA,,,
,GCF_033095845.1_ASM3309584v1_genomic.fna,Chromobacterium haemolyticum,6,241,2.7,89.3,TTTACGATCT,,,
,GCF_033095845.1_ASM3309584v1_genomic.fna,Chromobacterium haemolyticum,7,272,4.3,63.3,AATGCTCATG,,,
,GCF_033095845.1_ASM3309584v1_genomic.fna,Chromobacterium haemolyticum,8,272,4.3,63.3,CATGAGCATT,,,
,GCF_033095845.1_ASM3309584v1_genomic.fna,Chromobacterium haemolyticum,9,265,4.3,61.6,AAGGCGAAAA,,,
,GCF_033095845.1_ASM3309584v1_genomic.fna,Chromobacterium haemolyticum,10,265,4.3,61.6,TTTTCGCCTT,,,
,GCF_033095845.1_ASM3309584v1_genomic.fna,Chromobacterium haemolyticum,11,261,4.3,60.7,AACAGGTTCT,,,
,GCF_033095845.1_ASM3309584v1_genomic.fna,Chromobacterium haemolyticum,12,261,4.3,60.7,AGAACCTGTT,,,
,GCF_033095845.1_ASM3309584v1_genomic.fna,Chromobacterium haemolyticum,13,258,4.3,60,GATCGTAAAC,,,
,GCF_033095845.1_ASM3309584v1_genomic.fna,Chromobacterium haemolyticum,14,258,4.3,60,GTTTACGATC,,,
,GCF_033095845.1_ASM3309584v1_genomic.fna,Chromobacterium haemolyticum,15,153,2.7,56.7,ACTTTGAACA,,,
,GCF_033095845.1_ASM3309584v1_genomic.fna,Chromobacterium haemolyticum,16,153,2.7,56.7,TGTTCAAAGT,,,
,GCF_033095845.1_ASM3309584v1_genomic.fna,Chromobacterium haemolyticum,17,238,4.3,55.3,ACATGAGCAT,,,
,GCF_033095845.1_ASM3309584v1_genomic.fna,Chromobacterium haemolyticum,18,238,4.3,55.3,ATGCTCATGT,,,
,GCF_033095845.1_ASM3309584v1_genomic.fna,Chromobacterium haemolyticum,19,148,2.7,54.8,AGACTTTGAA,,,
,GCF_033095845.1_ASM3309584v1_genomic.fna,Chromobacterium haemolyticum,20,148,2.7,54.8,TTCAAAGTCT,,,
,GCF_035919665.1_ASM3591966v1_genomic.fna,Chromobacterium subtsugae,1,20,0.3,66.7,AAATAAAAAA,,,
,GCF_035919665.1_ASM3591966v1_genomic.fna,Chromobacterium subtsugae,2,20,0.3,66.7,TTTTTTATTT,,,
,GCF_035919665.1_ASM3591966v1_genomic.fna,Chromobacterium subtsugae,3,73,1.1,66.4,CATGAAAAAA,,,
,GCF_035919665.1_ASM3591966v1_genomic.fna,Chromobacterium subtsugae,4,73,1.1,66.4,TTTTTTCATG,,,
,GCF_035919665.1_ASM3591966v1_genomic.fna,Chromobacterium subtsugae,5,19,0.3,63.3,AAAATAAAAA,,,
,GCF_035919665.1_ASM3591966v1_genomic.fna,Chromobacterium subtsugae,6,19,0.3,63.3,TTTTTATTTT,,,
,GCF_035919665.1_ASM3591966v1_genomic.fna,Chromobacterium subtsugae,7,36,0.6,60,AAATGAAAAA,,,
,GCF_035919665.1_ASM3591966v1_genomic.fna,Chromobacterium subtsugae,8,18,0.3,60,AATAAAAAAA,,,
,GCF_035919665.1_ASM3591966v1_genomic.fna,Chromobacterium subtsugae,9,36,0.6,60,TTTTTCATTT,,,
,GCF_035919665.1_ASM3591966v1_genomic.fna,Chromobacterium subtsugae,10,18,0.3,60,TTTTTTTATT,,,
,GCF_035919665.1_ASM3591966v1_genomic.fna,Chromobacterium subtsugae,11,17,0.3,56.7,AAATAAATAA,,,
,GCF_035919665.1_ASM3591966v1_genomic.fna,Chromobacterium subtsugae,12,17,0.3,56.7,TTATTTATTT,,,
,GCF_035919665.1_ASM3591966v1_genomic.fna,Chromobacterium subtsugae,13,16,0.3,53.3,AAATAAAAAT,,,
,GCF_035919665.1_ASM3591966v1_genomic.fna,Chromobacterium subtsugae,14,32,0.6,53.3,AATGAAAAAA,,,
,GCF_035919665.1_ASM3591966v1_genomic.fna,Chromobacterium subtsugae,15,16,0.3,53.3,ATTTTTATTT,,,
,GCF_035919665.1_ASM3591966v1_genomic.fna,Chromobacterium subtsugae,16,32,0.6,53.3,TTTTTTCATT,,,
,GCF_035919665.1_ASM3591966v1_genomic.fna,Chromobacterium subtsugae,17,58,1.1,52.7,ATGAAAAAAG,,,
,GCF_035919665.1_ASM3591966v1_genomic.fna,Chromobacterium subtsugae,18,58,1.1,52.7,CTTTTTTCAT,,,
,GCF_035919665.1_ASM3591966v1_genomic.fna,Chromobacterium subtsugae,19,29,0.6,48.3,CAATAAAAAA,,,
,GCF_035919665.1_ASM3591966v1_genomic.fna,Chromobacterium subtsugae,20,29,0.6,48.3,TTTTTTATTG,,,
,GCF_036320555.1_ASM3632055v1_genomic.fna,Chromobacterium subtsugae,1,74,1.1,67.3,CATGAAAAAA,,,
,GCF_036320555.1_ASM3632055v1_genomic.fna,Chromobacterium subtsugae,2,74,1.1,67.3,TTTTTTCATG,,,
,GCF_036320555.1_ASM3632055v1_genomic.fna,Chromobacterium subtsugae,3,20,0.3,66.7,AAATAAAAAA,,,
,GCF_036320555.1_ASM3632055v1_genomic.fna,Chromobacterium subtsugae,4,20,0.3,66.7,TTTTTTATTT,,,
,GCF_036320555.1_ASM3632055v1_genomic.fna,Chromobacterium subtsugae,5,19,0.3,63.3,AAAATAAAAA,,,
,GCF_036320555.1_ASM3632055v1_genomic.fna,Chromobacterium subtsugae,6,19,0.3,63.3,TTTTTATTTT,,,
,GCF_036320555.1_ASM3632055v1_genomic.fna,Chromobacterium subtsugae,7,36,0.6,60,AAATGAAAAA,,,
,GCF_036320555.1_ASM3632055v1_genomic.fna,Chromobacterium subtsugae,8,18,0.3,60,AATAAAAAAA,,,
,GCF_036320555.1_ASM3632055v1_genomic.fna,Chromobacterium subtsugae,9,36,0.6,60,TTTTTCATTT,,,
,GCF_036320555.1_ASM3632055v1_genomic.fna,Chromobacterium subtsugae,10,18,0.3,60,TTTTTTTATT,,,
,GCF_036320555.1_ASM3632055v1_genomic.fna,Chromobacterium subtsugae,11,17,0.3,56.7,AAATAAATAA,,,
,GCF_036320555.1_ASM3632055v1_genomic.fna,Chromobacterium subtsugae,12,17,0.3,56.7,TTATTTATTT,,,
,GCF_036320555.1_ASM3632055v1_genomic.fna,Chromobacterium subtsugae,13,16,0.3,53.3,AAATAAAAAT,,,
,GCF_036320555.1_ASM3632055v1_genomic.fna,Chromobacterium subtsugae,14,32,0.6,53.3,AATGAAAAAA,,,
,GCF_036320555.1_ASM3632055v1_genomic.fna,Chromobacterium subtsugae,15,16,0.3,53.3,ATTTTTATTT,,,
,GCF_036320555.1_ASM3632055v1_genomic.fna,Chromobacterium subtsugae,16,32,0.6,53.3,TTTTTTCATT,,,
,GCF_036320555.1_ASM3632055v1_genomic.fna,Chromobacterium subtsugae,17,58,1.1,52.7,ATGAAAAAAG,,,
,GCF_036320555.1_ASM3632055v1_genomic.fna,Chromobacterium subtsugae,18,58,1.1,52.7,CTTTTTTCAT,,,
,GCF_036320555.1_ASM3632055v1_genomic.fna,Chromobacterium subtsugae,19,29,0.6,48.3,CAATAAAAAA,,,
,GCF_036320555.1_ASM3632055v1_genomic.fna,Chromobacterium subtsugae,20,29,0.6,48.3,TTTTTTATTG,,,
,GCF_037076605.1_ASM3707660v1_genomic.fna,Paludibacterium sp. THUN1379,1,34,0.7,48.6,CATAAAAAAA,,,
,GCF_037076605.1_ASM3707660v1_genomic.fna,Paludibacterium sp. THUN1380,2,34,0.7,48.6,TTTTTTTATG,,,
,GCF_037076605.1_ASM3707660v1_genomic.fna,Paludibacterium sp. THUN1381,3,19,0.4,47.5,AAATAAAAAA,,,
,GCF_037076605.1_ASM3707660v1_genomic.fna,Paludibacterium sp. THUN1382,4,19,0.4,47.5,TTTTTTATTT,,,
,GCF_037076605.1_ASM3707660v1_genomic.fna,Paludibacterium sp. THUN1383,5,55,1.2,45.8,AAAATACAAG,,,
,GCF_037076605.1_ASM3707660v1_genomic.fna,Paludibacterium sp. THUN1384,6,55,1.2,45.8,CAAAATACAA,,,
,GCF_037076605.1_ASM3707660v1_genomic.fna,Paludibacterium sp. THUN1385,7,55,1.2,45.8,CTTGTATTTT,,,
,GCF_037076605.1_ASM3707660v1_genomic.fna,Paludibacterium sp. THUN1386,8,55,1.2,45.8,TTGTATTTTG,,,
,GCF_037076605.1_ASM3707660v1_genomic.fna,Paludibacterium sp. THUN1387,9,32,0.7,45.7,ATGAAAAAAA,,,
,GCF_037076605.1_ASM3707660v1_genomic.fna,Paludibacterium sp. THUN1388,10,32,0.7,45.7,TTTTTTTCAT,,,
,GCF_037076605.1_ASM3707660v1_genomic.fna,Paludibacterium sp. THUN1389,11,54,1.2,45,AAATACAAGA,,,
,GCF_037076605.1_ASM3707660v1_genomic.fna,Paludibacterium sp. THUN1390,12,54,1.2,45,TCTTGTATTT,,,
,GCF_037076605.1_ASM3707660v1_genomic.fna,Paludibacterium sp. THUN1391,13,31,0.7,44.3,ATAAAAAAAC,,,
,GCF_037076605.1_ASM3707660v1_genomic.fna,Paludibacterium sp. THUN1392,14,31,0.7,44.3,GTTTTTTTAT,,,
,GCF_037076605.1_ASM3707660v1_genomic.fna,Paludibacterium sp. THUN1393,15,29,0.7,41.4,AATGAAAAAA,,,
,GCF_037076605.1_ASM3707660v1_genomic.fna,Paludibacterium sp. THUN1394,16,29,0.7,41.4,TTTTTTCATT,,,
,GCF_037076605.1_ASM3707660v1_genomic.fna,Paludibacterium sp. THUN1395,17,48,1.2,40,CATGAAAAAA,,,
,GCF_037076605.1_ASM3707660v1_genomic.fna,Paludibacterium sp. THUN1396,18,48,1.2,40,TTTTTTCATG,,,
,GCF_037076605.1_ASM3707660v1_genomic.fna,Paludibacterium sp. THUN1397,19,40,1.2,33.3,ATGCAAAATA,,,
,GCF_037076605.1_ASM3707660v1_genomic.fna,Paludibacterium sp. THUN1398,20,40,1.2,33.3,TATTTTGCAT,,,
,GCF_051129845.1_ASM5112984v1_genomic.fna,Chromobacterium sp. CV08,1,22,0.2,110,AAAATAAAAA,,,
,GCF_051129845.1_ASM5112984v1_genomic.fna,Chromobacterium sp. CV09,2,22,0.2,110,TTTTTATTTT,,,
,GCF_051129845.1_ASM5112984v1_genomic.fna,Chromobacterium sp. CV10,3,21,0.2,105,AAATAAAAAA,,,
,GCF_051129845.1_ASM5112984v1_genomic.fna,Chromobacterium sp. CV11,4,21,0.2,105,TTTTTTATTT,,,
,GCF_051129845.1_ASM5112984v1_genomic.fna,Chromobacterium sp. CV12,5,15,0.2,75,AATAAAAAAA,,,
,GCF_051129845.1_ASM5112984v1_genomic.fna,Chromobacterium sp. CV13,6,15,0.2,75,TTTTTTTATT,,,
,GCF_051129845.1_ASM5112984v1_genomic.fna,Chromobacterium sp. CV14,7,27,0.4,67.5,AATGAAAAAA,,,
,GCF_051129845.1_ASM5112984v1_genomic.fna,Chromobacterium sp. CV15,8,27,0.4,67.5,TTTTTTCATT,,,
,GCF_051129845.1_ASM5112984v1_genomic.fna,Chromobacterium sp. CV16,9,13,0.2,65,TTTTAAAAAA,,,
,GCF_051129845.1_ASM5112984v1_genomic.fna,Chromobacterium sp. CV17,10,13,0.2,65,TTTTTTAAAA,,,
,GCF_051129845.1_ASM5112984v1_genomic.fna,Chromobacterium sp. CV18,11,44,0.7,62.9,CATGAAAAAA,,,
,GCF_051129845.1_ASM5112984v1_genomic.fna,Chromobacterium sp. CV19,12,44,0.7,62.9,TTTTTTCATG,,,
,GCF_051129845.1_ASM5112984v1_genomic.fna,Chromobacterium sp. CV20,13,25,0.4,62.5,ATAAAAAAAC,,,
,GCF_051129845.1_ASM5112984v1_genomic.fna,Chromobacterium sp. CV21,14,25,0.4,62.5,ATGAAAAAAA,,,
,GCF_051129845.1_ASM5112984v1_genomic.fna,Chromobacterium sp. CV22,15,25,0.4,62.5,GTTTTTTTAT,,,
,GCF_051129845.1_ASM5112984v1_genomic.fna,Chromobacterium sp. CV23,16,25,0.4,62.5,TTTTTTTCAT,,,
,GCF_051129845.1_ASM5112984v1_genomic.fna,Chromobacterium sp. CV24,17,12,0.2,60,AAAAATAAAA,,,
,GCF_051129845.1_ASM5112984v1_genomic.fna,Chromobacterium sp. CV25,18,12,0.2,60,AAAAATATAA,,,
,GCF_051129845.1_ASM5112984v1_genomic.fna,Chromobacterium sp. CV26,19,12,0.2,60,AATAAAAATA,,,
,GCF_051129845.1_ASM5112984v1_genomic.fna,Chromobacterium sp. CV27,20,12,0.2,60,ATAAAAAAAA,,,
,GCF_051130035.1_ASM5113003v1_genomic.fna,Chromobacterium violaceum,1,23,0.3,76.7,AATAAAAAAA,,,
,GCF_051130035.1_ASM5113003v1_genomic.fna,Chromobacterium violaceum,2,23,0.3,76.7,TTTTTTTATT,,,
,GCF_051130035.1_ASM5113003v1_genomic.fna,Chromobacterium violaceum,3,20,0.3,66.7,AAAATAAAAA,,,
,GCF_051130035.1_ASM5113003v1_genomic.fna,Chromobacterium violaceum,4,20,0.3,66.7,AAATAAAAAA,,,
,GCF_051130035.1_ASM5113003v1_genomic.fna,Chromobacterium violaceum,5,20,0.3,66.7,TTTTTATTTT,,,
,GCF_051130035.1_ASM5113003v1_genomic.fna,Chromobacterium violaceum,6,20,0.3,66.7,TTTTTTATTT,,,
,GCF_051130035.1_ASM5113003v1_genomic.fna,Chromobacterium violaceum,7,17,0.3,56.7,AAAAATAAAA,,,
,GCF_051130035.1_ASM5113003v1_genomic.fna,Chromobacterium violaceum,8,17,0.3,56.7,TTTTATTTTT,,,
,GCF_051130035.1_ASM5113003v1_genomic.fna,Chromobacterium violaceum,9,33,0.6,55,AAATGAAAAA,,,
,GCF_051130035.1_ASM5113003v1_genomic.fna,Chromobacterium violaceum,10,33,0.6,55,TTTTTCATTT,,,
,GCF_051130035.1_ASM5113003v1_genomic.fna,Chromobacterium violaceum,11,60,1.1,54.5,CATGAAAAAA,,,
,GCF_051130035.1_ASM5113003v1_genomic.fna,Chromobacterium violaceum,12,60,1.1,54.5,TTTTTTCATG,,,
,GCF_051130035.1_ASM5113003v1_genomic.fna,Chromobacterium violaceum,13,15,0.3,50,TAAAAATAAA,,,
,GCF_051130035.1_ASM5113003v1_genomic.fna,Chromobacterium violaceum,14,15,0.3,50,TTTATTTTTA,,,
,GCF_051130035.1_ASM5113003v1_genomic.fna,Chromobacterium violaceum,15,54,1.1,49.1,ATGAAAAAAG,,,
,GCF_051130035.1_ASM5113003v1_genomic.fna,Chromobacterium violaceum,16,54,1.1,49.1,CTTTTTTCAT,,,
,GCF_051130035.1_ASM5113003v1_genomic.fna,Chromobacterium violaceum,17,29,0.6,48.3,AATGAAAAAA,,,
,GCF_051130035.1_ASM5113003v1_genomic.fna,Chromobacterium violaceum,18,29,0.6,48.3,TTTTTTCATT,,,
,GCF_051130035.1_ASM5113003v1_genomic.fna,Chromobacterium violaceum,19,14,0.3,46.7,AAATAAAAAT,,,
,GCF_051130035.1_ASM5113003v1_genomic.fna,Chromobacterium violaceum,20,28,0.6,46.7,ATAAAAAAAC,,,
,GCF_900635845.1_35377_D01_genomic.fna,Chromobacterium violaceum strain NCTC9695,1,24,0.2,120,TTTTTTATTT,,,
,GCF_900635845.1_35377_D01_genomic.fna,Chromobacterium violaceum strain NCTC9696,2,22,0.2,110,TTTTTTTATT,,,
,GCF_900635845.1_35377_D01_genomic.fna,Chromobacterium violaceum strain NCTC9697,3,18,0.2,90,TTTTATTTTT,,,
,GCF_900635845.1_35377_D01_genomic.fna,Chromobacterium violaceum strain NCTC9698,4,17,0.2,85,TTTTTATTTT,,,
,GCF_900635845.1_35377_D01_genomic.fna,Chromobacterium violaceum strain NCTC9699,5,24,0.3,80,AAATAAAAAA,,,
,GCF_900635845.1_35377_D01_genomic.fna,Chromobacterium violaceum strain NCTC9700,6,32,0.4,80,TTTTTCATTT,,,
,GCF_900635845.1_35377_D01_genomic.fna,Chromobacterium violaceum strain NCTC9701,7,31,0.4,77.5,TTTTTTCATT,,,
,GCF_900635845.1_35377_D01_genomic.fna,Chromobacterium violaceum strain NCTC9702,8,54,0.7,77.1,TTTTTTCATG,,,
,GCF_900635845.1_35377_D01_genomic.fna,Chromobacterium violaceum strain NCTC9703,9,30,0.4,75,TTTTGTTTTT,,,
,GCF_900635845.1_35377_D01_genomic.fna,Chromobacterium violaceum strain NCTC9704,10,22,0.3,73.3,AATAAAAAAA,,,
,GCF_900635845.1_35377_D01_genomic.fna,Chromobacterium violaceum strain NCTC9705,11,13,0.2,65,ATTTTTTATT,,,
,GCF_900635845.1_35377_D01_genomic.fna,Chromobacterium violaceum strain NCTC9706,12,52,0.8,65,CTTTTTTCAT,,,
,GCF_900635845.1_35377_D01_genomic.fna,Chromobacterium violaceum strain NCTC9707,13,26,0.4,65,TTTGTTTTTT,,,
,GCF_900635845.1_35377_D01_genomic.fna,Chromobacterium violaceum strain NCTC9708,14,26,0.4,65,TTTTTGTTTT,,,
,GCF_900635845.1_35377_D01_genomic.fna,Chromobacterium violaceum strain NCTC9709,15,13,0.2,65,TTTTTTTTAT,,,
,GCF_900635845.1_35377_D01_genomic.fna,Chromobacterium violaceum strain NCTC9710,16,25,0.4,62.5,TTTTCATTTT,,,
,GCF_900635845.1_35377_D01_genomic.fna,Chromobacterium violaceum strain NCTC9711,17,18,0.3,60,AAAAATAAAA,,,
,GCF_900635845.1_35377_D01_genomic.fna,Chromobacterium violaceum strain NCTC9712,18,12,0.2,60,ATTTTTATTT,,,
,GCF_900635845.1_35377_D01_genomic.fna,Chromobacterium violaceum strain NCTC9713,19,12,0.2,60,TTATTTTTAT,,,
,GCF_900635845.1_35377_D01_genomic.fna,Chromobacterium violaceum strain NCTC9714,20,23,0.4,57.5,TTTTTTTATC,,,
,GCF_000007705.1_ASM770v1_genomic.fna10mer,Chromobacterium violaceum ATCC 12472,1,23,0.3,76.7,AATAAAAAAA,,,
,GCF_000007705.1_ASM770v1_genomic.fna10mer,Chromobacterium violaceum ATCC 12473,2,23,0.3,76.7,TTTTTTTATT,,,
,GCF_000007705.1_ASM770v1_genomic.fna10mer,Chromobacterium violaceum ATCC 12474,3,22,0.3,73.3,AAATAAAAAA,,,
,GCF_000007705.1_ASM770v1_genomic.fna10mer,Chromobacterium violaceum ATCC 12475,4,22,0.3,73.3,TTTTTTATTT,,,
,GCF_000007705.1_ASM770v1_genomic.fna10mer,Chromobacterium violaceum ATCC 12476,5,21,0.3,70,AAAAATAAAA,,,
,GCF_000007705.1_ASM770v1_genomic.fna10mer,Chromobacterium violaceum ATCC 12477,6,21,0.3,70,TTTTATTTTT,,,
,GCF_000007705.1_ASM770v1_genomic.fna10mer,Chromobacterium violaceum ATCC 12478,7,19,0.3,63.3,AAAATAAAAA,,,
,GCF_000007705.1_ASM770v1_genomic.fna10mer,Chromobacterium violaceum ATCC 12479,8,19,0.3,63.3,TTTTTATTTT,,,
,GCF_000007705.1_ASM770v1_genomic.fna10mer,Chromobacterium violaceum ATCC 12480,9,60,1.1,54.5,CATGAAAAAA,,,
,GCF_000007705.1_ASM770v1_genomic.fna10mer,Chromobacterium violaceum ATCC 12481,10,60,1.1,54.5,TTTTTTCATG,,,
,GCF_000007705.1_ASM770v1_genomic.fna10mer,Chromobacterium violaceum ATCC 12482,11,16,0.3,53.3,TTTTATAAAA,,,
,GCF_000007705.1_ASM770v1_genomic.fna10mer,Chromobacterium violaceum ATCC 12483,12,57,1.1,51.8,ATGAAAAAAG,,,
,GCF_000007705.1_ASM770v1_genomic.fna10mer,Chromobacterium violaceum ATCC 12484,13,57,1.1,51.8,CTTTTTTCAT,,,
,GCF_000007705.1_ASM770v1_genomic.fna10mer,Chromobacterium violaceum ATCC 12485,14,30,0.6,50,AATGAAAAAA,,,
,GCF_000007705.1_ASM770v1_genomic.fna10mer,Chromobacterium violaceum ATCC 12486,15,30,0.6,50,TTTTTTCATT,,,
,GCF_000007705.1_ASM770v1_genomic.fna10mer,Chromobacterium violaceum ATCC 12487,16,27,0.6,45,AAATGAAAAA,,,
,GCF_000007705.1_ASM770v1_genomic.fna10mer,Chromobacterium violaceum ATCC 12488,17,27,0.6,45,TTTTTCATTT,,,
,GCF_000007705.1_ASM770v1_genomic.fna10mer,Chromobacterium violaceum ATCC 12489,18,13,0.3,43.3,ATAAAAAAAA,,,
,GCF_000007705.1_ASM770v1_genomic.fna10mer,Chromobacterium violaceum ATCC 12490,19,26,0.6,43.3,ATAAAAAAAC,,,
,GCF_000007705.1_ASM770v1_genomic.fna10mer,Chromobacterium violaceum ATCC 12491,20,26,0.6,43.3,GTTTTTTTAT,,,
,,Escherichia coli K-12,1,284,8.9,31.9,CGCATCCGGC,,,
,,Escherichia coli K-13,2,284,8.9,31.9,GCCGGATGCG,,,
,,Escherichia coli K-14,3,279,8.9,31.3,GCATCCGGCA,,,
,,Escherichia coli K-15,4,279,8.9,31.3,TGCCGGATGC,,,
,,Escherichia coli K-16,5,269,8.9,30.2,CCAGCGCCAG,,,
,,Escherichia coli K-17,6,269,8.9,30.2,CTGGCGCTGG,,,
,,Escherichia coli K-18,7,255,8.9,28.7,CAGCGCCAGC,,,
,,Escherichia coli K-19,8,255,8.9,28.7,GCTGGCGCTG,,,
,,Escherichia coli K-20,9,253,8.9,28.4,CGGATGCGGC,,,
,,Escherichia coli K-21,10,253,8.9,28.4,GCCGCATCCG,,,
,,Escherichia coli K-22,11,237,8.9,26.6,CGCCGCATCC,,,
,,Escherichia coli K-23,12,237,8.9,26.6,GGATGCGGCG,,,
,,Escherichia coli K-24,13,223,8.9,25.1,CGCATCAGGC,,,
,,Escherichia coli K-25,14,223,8.9,25.1,GCCTGATGCG,,,
,,Escherichia coli K-26,15,218,8.9,24.5,CCGCATCCGG,,,
,,Escherichia coli K-27,16,218,8.9,24.5,CCGGATGCGG,,,
,,Escherichia coli K-28,17,217,8.9,24.4,CGCCAGCGCC,,,
,,Escherichia coli K-29,18,217,8.9,24.4,GGCGCTGGCG,,,
,,Escherichia coli K-30,19,215,8.9,24.2,ACGCCGCATC,,,
,,Escherichia coli K-31,20,215,8.9,24.2,GATGCGGCGT,,,
,,Escherichia coli K-32,1,19,0.3,63.3,AAAAATGAAA,,,
,,Burkholderia pseudomallei,2,19,0.3,63.3,TTTCATTTTT,,,
,,Burkholderia pseudomallei,3,766,14.3,53.6,TCGTCGACGA,,,
,,Burkholderia pseudomallei,4,16,0.3,53.3,AAAACAAAAA,,,
,,Burkholderia pseudomallei,5,16,0.3,53.3,AAATGAAAAA,,,
,,Burkholderia pseudomallei,6,16,0.3,53.3,CATAAAAAAA,,,
,,Burkholderia pseudomallei,7,16,0.3,53.3,TTTTTCATTT,,,
,,Burkholderia pseudomallei,8,16,0.3,53.3,TTTTTGTTTT,,,
,,Burkholderia pseudomallei,9,16,0.3,53.3,TTTTTTTATG,,,
,,Burkholderia pseudomallei,10,345,6.7,51.5,TCGAGATCGA,,,
,,Burkholderia pseudomallei,11,345,6.7,51.5,TCGATCTCGA,,,
,,Burkholderia pseudomallei,12,10,0.2,50,AAAAAATAAA,,,
,,Burkholderia pseudomallei,13,10,0.2,50,AAATAAAAAA,,,
,,Burkholderia pseudomallei,14,10,0.2,50,AATAAAAAAA,,,
,,Burkholderia pseudomallei,15,10,0.2,50,ATTAAAAAAA,,,
,,Burkholderia pseudomallei,16,10,0.2,50,TTTATTTTTT,,,
,,Burkholderia pseudomallei,17,10,0.2,50,TTTTTTATTT,,,
,,Burkholderia pseudomallei,18,10,0.2,50,TTTTTTTAAT,,,
,,Burkholderia pseudomallei,19,10,0.2,50,TTTTTTTATT,,,
,,Burkholderia pseudomallei,20,157,3.2,49.1,TCGAAATCGA,,,
